Neftel.all,GL261.CT2A.specific,GBM.HH.query,HH.neural.dif.short,HH.neural.dif.long
HILPDA,Vim,Sox2,Slc2a1,Cd34
ADM,Hmga2,Ptp4a2,Rbpms,Cacnb2
DDIT3,Ppfibp1,Cd274,Gpbp1l1,Samd4
NDRG1,Sparc,Prom1,Iqgap1,Pdlim2
HERPUD1,mt-Cytb,Gpnmb,Fbxo15,Prtn3
DNAJB9,AI506816,Idh1,Flnb,AA415398
TRIB3,Epb41l2,Nes,Etl4,Eya1
ENO2,Cald1,Denn2b,Slc38a4,Sprr2b
AKAP12,Eef2,Dcx,Ncl,Adamts14
SQSTM1,Rack1,Olig2,Nr6a1,Ccdc40
MT1X,Lgals1,Pecam1,Dlc1,9030625A04Rik
ATF3,Stard13,Mki67,Tcf7l1,Fam46c
NAMPT,mt-Nd1,Egfr,Myh9,Kcnk12
NRN1,Lmna,Ptprc,Ctnna1,Zbtb16
SLC2A1,Anxa2,Cd3d,Krt18,Tlr2
BNIP3,Axl,Cd4,Chd7,Tmc8
LGALS3,Pabpc1,Cd8a,Nxn,Ccdc90a
INSIG2,Myh9,Itgam,Stra8,Klb
IGFBP3,Tm4sf1,Krt18,Stra8,Slc22a7
PPP1R15A,mt-Nd5,Krt8,Gpc3,H2-Q6
VIM,Ctnna1,Birc5,Nxn,Rnf135
PLOD2,Ahnak,Tpx2,Stra8,Gpr123
GBE1,Flna,Cd24a,Plekhg1,A830092H15Rik
SLC2A3,mt-Nd2,Cd44,Mbnl3,Jakmip3
FTL,Ncl,Fabp7,Krt19,Cnn1
WARS,mt-Nd4,Hopx,Tgm2,Itpripl1
ERO1L,P4hb,Ubb,Krt8,Spink10
XPOT,Eif3a,Rpl36a,Lgals9,Spry3
HSPA5,Rpl4,Rpl5,Stra8,2210411K11Rik
GDF15,Eps8,Psmb8,Mdk,Pkp3
ANXA2,B2m,Psmb9,Stra8,1700030C10Rik
EPAS1,Rps3,Robo1,Gpc6,Masp1
LDHA,Rps5,Slit2,Pbx1,Arhgap6
P4HA1,Tubb5,Epha2,Epha3,Prss8
SERTAD1,Dock1,Epha3,Pbx1,Foxb1
PFKP,Anxa1,Prom1,Rarb,Lrrc7
PGK1,Rplp0,Cd70,Hoxb3,Abcb1a
EGLN3,S100a6,Car9,Gpc6,Gsx1
SLC6A6,Ddb1,Cd59a,Frmd4b,Plcxd1
CA9,Hspa9,Ngly1,Gli3,Adra1d
BNIP3L,Npm1,Plaur,Rfx4,Efna1
RPL21,mt-Co1,Nkain1,Pax3,Cd302
TRAM1,Fn1,Ube2e2,Vcan,Oasl2
UFM1,Rpl8,F13a1,Pbx1,Plac1
ASNS,Lamp1,Rnf149,Gpc6,Padi3
GOLT1B,Glis3,Nt5e,Igf2,P2rx3
ANGPTL4,Cct2,Ptprz1,Ltbp1,Chi3l1
SLC39A14,Anln,B2m,Sulf1,Mcc
CDKN1A,Hnrnpab,Hif1a,Lhfp,Csf1
HSPA9,Cd9,Ldha,Ror1,Serpinb6b
CHI3L1,Eif4g2,,Ednra,5430407P10Rik
ANXA2,Hspg2,,Pdzrn3,Insl6
ANXA1,Ccnd1,,Col4a1,Gm10742
CD44,Cdk4,,Hmga2,Aire
VIM,Anxa5,,Sparc,Hlf
MT2A,Col11a1,,Mest,Pdgfrl
C1S,Tmpo,,Ghr,Gabrg3
NAMPT,Rrbp1,,P4ha2,Mia1
EFEMP1,Pdlim5,,Bicc1,Celsr1
C1R,Arhgdia,,Antxr1,Dysfip1
SOD2,Myo10,,Nrk,Card10
IFITM3,Cd44,,Igf2,Nms
TIMP1,Hdgf,,Col4a1,Mbnl3
SPP1,G3bp1,,Sparc,Prdm1
A2M,Clic4,,Col4a2,Gfra3
S100A11,Tpm4,,Ahnak,Cntln
MT1X,Lamb1,,Plac1,Ccdc65
S100A10,Fstl1,,Pbx1,Fancb
FN1,Ubc,,Maml3,Ampd3
LGALS1,Paics,,Robo1,Pik3r5
S100A16,Timp3,,Dach1,Wdr5b
CLIC1,Thbs1,,Auts2,Ntng2
MGST1,Top2a,,Dach1,Plekho2
RCAN1,Myl12a,,Dcc,Pm20d1
TAGLN2,Myadm,,Dach1,Bcl2
NPC2,,,Maml3,Thbd
SERPING1,,,Fbxl7,Kcnn2
C8orf4,,,Setbp1,6030429G01Rik
EMP1,,,Meis1,Cox4i2
APOE,,,Zeb2,Gpr101
CTSB,,,Kalrn,5330417C22Rik
C3,,,Cdh2,Pcsk9
LGALS3,,,Auts2,Trhde
MT1E,,,Robo1,Ddn
EMP3,,,Itgb8,Actc1
SERPINA3,,,Tox3,Ugt2b34
ACTN1,,,Dcc,Nfkbid
PRDX6,,,Zfhx3,Kcnj11
IGFBP7,,,Auts2,Prdm12
SERPINE1,,,Pid1,Acad10
PLP2,,,Dcx,Zdhhc14
MGP,,,Ebf1,Pcdhb19
CLIC4,,,Zfhx4,Adarb2
GFPT2,,,Robo1,Ddx43
GSN,,,Maml3,Msrb3
NNMT,,,Dach1,Esx1
TUBA1C,,,Meis1,Vcam1
GJA1,,,Pax2,Kcnq5
TNFRSF1A,,,Frmd4a,Cd164l2
WWTR1,,,Setbp1,Slc22a15
CST3,,,Slit2,Pcdhb8
S100B,,,Bach2,Actg2
SLC1A3,,,Mtus2,Chst8
HEPN1,,,Runx1t1,Chsy3
HOPX,,,Pax8,Palm2
MT3,,,Nfia,Rspo2
SPARCL1,,,Nfib,Trim68
MLC1,,,Cdh11,Rnf182
GFAP,,,Frmd4a,Stat4
FABP7,,,Ptn,Angptl1
BCAN,,,Col3a1,Ppfibp2
PON2,,,Meis1,Slc4a11
METTL7B,,,Slit2,Cdc14a
SPARC,,,Setbp1,1500035N22Rik
GATM,,,Atrnl1,Ptger1
RAMP1,,,Fbn2,Jph1
PMP2,,,Unc5c,Elfn1
AQP4,,,Col1a2,Ppp1r3d
DBI,,,Dach1,Slc35d2
EDNRB,,,Col1a1,Tmem30b
PTPRZ1,,,Tmtc2,Cml1
CLU,,,Ldb2,Tgm1
PMP22,,,Ebf1,Stac
ATP1A2,,,Igfbp5,Kcne3
S100A16,,,Robo1,1810019J16Rik
HEY1,,,Auts2,Mgat4c
PCDHGC3,,,Cdkn1c,Acsbg1
TTYH1,,,Robo1,Mmrn2
NDRG2,,,Frmd4a,Tek
PRCP,,,Meis1,Phf19
ATP1B2,,,Grip1,Matn3
AGT,,,Npas3,Thrsp
PLTP,,,Efna5,Ptprv
GPM6B,,,Pbx3,Tex19.2
F3,,,Thsd7a,Hebp2
RAB31,,,Sorbs2,Wipf1
PPAP2B,,,Pdzrn4,Nlrp4f
ANXA5,,,Ncam1,Fap
TSPAN7,,,Kif26b,Lyrm7
BCAN,,,Lin7a,Pdzd2
PLP1,,,Nol4,Gpsm3
GPR17,,,Meis2,Kcnip2
FIBIN,,,Dpysl3,Kiss1r
LHFPL3,,,Robo2,Adam12
OLIG1,,,Pak7,Gm10451
PSAT1,,,Gfra1,Fam135b
SCRG1,,,Tshz2,Foxl2
OMG,,,Meis2,A930004D18Rik
APOD,,,Tshz2,3830431G21Rik
SIRT2,,,Pde3a,Lrrc31
TNR,,,Aff3,Wfdc1
THY1,,,Fam124a,Cpne5
PHYHIPL,,,Tbc1d12,Myo1d
SOX2-OT,,,Kitl,Ankle1
NKAIN4,,,Celf2,Lhx2
LPPR1,,,Dab1,Gata2
PTPRZ1,,,2610203C20Rik,Hhipl1
VCAN,,,Fat3,Zbtb7c
DBI,,,Stox2,Mtap7d3
PMP2,,,Foxp2,Myo1g
CNP,,,NSG1,Npr1
TNS3,,,Ctnna2,Wnt3
LIMA1,,,Ank3,Cyp39a1
CA10,,,Myt1l,Prkg2
PCDHGC3,,,Xkr4,Rhox13
CNTN1,,,Srgap3,AC174082.1
SCD5,,,Akap6,Mef2c
P2RX7,,,Celf4,Gpr126
CADM2,,,Rbfox1,Gpr146
TTYH1,,,Chl1,1500015O10Rik
FGF12,,,Ptprd,Ism1
TMEM206,,,Nav3,Gnmt
NEU4,,,Fstl5,Gjb5
FXYD6,,,Ctnnd2,Dock5
RNF13,,,Scn3a,Pcdhb22
RTKN,,,Dclk1,Gatm
GPM6B,,,Hecw1,Tmc4
LMF1,,,Reln,Tgfb3
ALCAM,,,Dner,Arl5c
PGRMC1,,,Phactr1,Zhx2
HRASLS,,,Gabrb3,4933437F05Rik
BCAS1,,,Jakmip2,D16Ertd472e
RAB31,,,Stmn2,Mafb
PLLP,,,Nbea,Slc25a31
FABP5,,,Kif5c,Als2cl
NLGN3,,,Ppfia2,Chrna5
SERINC5,,,2610203C20Rik,Glb1l
EPB41L2,,,Erc2,Lgals3
GPR37L1,,,Sorcs3,Tmem154
DLL3,,,Edil3,Grik4
DLL1,,,Astn1,Ap1g2
SOX4,,,Snhg11,Rab36
TUBB3,,,Nkain2,Lrrc38
HES6,,,Fgf13,Tspan11
TAGLN3,,,Rbms3,2010002N04Rik
NEU4,,,Foxp2,Mamld1
MARCKSL1,,,Sh3kbp1,Tnfrsf22
CD24,,,Neto2,Batf3
STMN1,,,Rbms3,Susd1
TCF12,,,Ephb1,Dgki
BEX1,,,Mbd5,Nebl
OLIG1,,,Gab2,Anxa8
MAP2,,,Ptprd,Kcna3
FXYD6,,,Nkain2,Spata2L
PTPRS,,,Rbfox1,Bcl6b
MLLT11,,,Phactr1,Afp
NPPA,,,Fam19a1,Pcnxl2
BCAN,,,Nav3,Gstt3
MEST,,,Ctnna2,Fhl3
ASCL1,,,Erc2,Thbs2
BTG2,,,Negr1,Megf10
DCX,,,Ntm,Park2
NXPH1,,,Snhg11,Lfng
HN1,,,Fam19a2,Accn4
PFN2,,,Xkr4,Megf11
SCG3,,,Pcsk2,Slc45a3
MYT1,,,Grm3,Oscp1
CHD7,,,Ppp2r2b,Rnf125
GPR56,,,Ctnnd2,Plekhg1
TUBA1A,,,Cdh8,Rbm47
PCBP4,,,Cadm2,Eomes
ETV1,,,Ank2,Cobll1
SHD,,,Kcnq5,Gpr155
TNR,,,Fam155a,Col2a1
AMOTL2,,,Nrxn3,Arsb
DBN1,,,Cacna2d3,AC124383.1
HIP1,,,Fam155a,Nos1ap
ABAT,,,Kirrel3,Gpr139
ELAVL4,,,Plcb1,Rspo3
LMF1,,,Ank2,Prss12
GRIK2,,,Nrxn1,Isx
SERINC5,,,Nrg3,Itga9
TSPAN13,,,Rab3c,Hoxa9
ELMO1,,,Lrrc4c,Serpinf1
GLCCI1,,,Syt1,Zic4
SEZ6L,,,Dlgap1,Cdk6
LRRN1,,,Gria4,Frmpd3
SEZ6,,,Hs3st5,H2-DMb1
SOX11,,,Nova1,Fgfr4
STMN2,,,Pde4d,Dok2
CD24,,,Cntn5,Dkk1
RND3,,,Mdga2,Ltk
HMP19,,,Ntrk3,Bhlhe41
TUBB3,,,Pcdh7,Spon1
MIAT,,,Kcnd2,Cblc
DCX,,,Galnt13,1700019N12Rik
NSG1,,,Mapk10,Zxdb
ELAVL4,,,Cadm2,Cnga3
MLLT11,,,Cdh8,Stk31
DLX6-AS1,,,Slc8a1,Chrm2
SOX11,,,Sgip1,Inhbb
NREP,,,Cntnap2,Eps8l2
FNBP1L,,,Cdh13,Erbb3
TAGLN3,,,Gpm6a,Elovl7
STMN4,,,Prickle2,Rad54b
DLX5,,,Chrm3,Gm10430
SOX4,,,Samd12,Nepn
MAP1B,,,Pclo,C1ql1
RBFOX2,,,Kcnn2,Adh1
IGFBPL1,,,App,Paqr7
STMN1,,,Nrg3,Col12a1
HN1,,,Grm7,Neurod1
TMEM161B-AS1,,,Kcnd2,Mrap2
DPYSL3,,,Cadm2,Chrna9
3-Sep,,,Nrxn1,Pacrg
PKIA,,,Opcml,Hoxa3
ATP1B1,,,Syt1,Figf
DYNC1I1,,,Mdga2,Csgalnact1
CD200,,,Lingo2,Olig1
SNAP25,,,Cntnap2,Vsig10
PAK3,,,Lrrc4c,Tert
NDRG4,,,Grm5,Gk5
KIF5A,,,Kcnma1,Ryr2
UCHL1,,,Cntn5,Gpld1
ENO2,,,Dlgap1,Pde3a
KIF5C,,,CDH13,Rab11fip1
DDAH2,,,Lrrc7,Klhdc1
TUBB2A,,,42429,Sgpp2
LBH,,,Grin2b,Cacna1c
LOC150568,,,Fam155a,Hck
TCF4,,,Anks1b,Tlx1
GNG3,,,Nrxn3,Lpar4
NFIB,,,Dpp10,Fam81a
DPYSL5,,,Ralyl,Pls1
CRABP1,,,Lrfn5,Tmem119
DBN1,,,Car10,Ptk2b
NFIX,,,Rims1,Gsbs
CEP170,,,Macrod2,Rgs20
BLCAP,,,Mgat4c,Zfp536
RRM2,,,Chsy3,Rit2
PCNA,,,Dgki,Tmem144
KIAA0101,,,Gabrg3,Npas4
HIST1H4C,,,Kcnq5,Tex11
MLF1IP,,,Glra1,Kcnh4
GMNN,,,Grid2,Necab1
RNASEH2A,,,Erbb4,Pip5kl1
MELK,,,Nlgn1,Cpm
CENPK,,,Galntl6,Unc93b1
TK1,,,MCTP1,Dnajc22
TMEM106C,,,Adarb2,Klhl32
CDCA5,,,Cadps,Crlf1
CKS1B,,,Erbb4,Tead4
CDC45,,,Pcdh9,Otp
MCM3,,,Lsamp,Fzd6
CENPM,,,Epha5,5930403N24Rik
AURKB,,,Nlgn1,Ankrd33b
PKMYT1,,,Magi2,Isl1
MCM4,,,Grik2,Kif26a
ASF1B,,,Epha6,Rnf144b
GINS2,,,Nrg1,Fat3
MCM2,,,Galntl6,Faah
FEN1,,,Lrrtm4,Fut10
RRM1,,,Cdk14,Ifi27l1
DUT,,,Dgkb,Spef1
RAD51AP1,,,Unc5d,1110021L09Rik
MCM7,,,Osbpl6,Qrfpr
CCNE2,,,Peg3,Map6d1
ZWINT,,,Sparcl1,D18Ertd653e
CCNB1,,,Rora,Lrmp
CDC20,,,Inpp4b,Smad9
CCNB2,,,Gria1,Gm6792
PLK1,,,Unc5d,Ramp1
CCNA2,,,Gabra1,Car14
CKAP2,,,Ric3,Rad51l1
KNSTRN,,,NLGN1,Syt6
RACGAP1,,,Peg3,Slc44a3
CDCA3,,,Iqsec1,Hecw2
TROAP,,,Magi3,Pcdhb16
KIF2C,,,Kcnip4,Gm10419
AURKA,,,Lrrtm4,Scube1
CENPF,,,Pcdh9,Msx2
KPNA2,,,Lsamp,Gna15
KIF20A,,,Nlgn1,Flt3
ECT2,,,Epha6,Ufm1
BUB1,,,Nrg1,St8sia6
CDCA8,,,Arpp21,AI606181
BUB1B,,,Magi2,Fbxo32
TACC3,,,Grin2a,4930534B04Rik
TTK,,,Snap25,3110035E14Rik
TUBA1C,,,Frmpd4,Rhox9
NCAPD2,,,Ncam2,Heg1
ARL6IP1,,,Galntl6,Tep1
KIF4A,,,Grik2,Lpin3
CKAP2L,,,Dgkb,Gas2l3
MZT1,,,Gpr158,Lypd2
KIFC1,,,Grid2,Ccdc18
SPAG5,,,,Kcnh1
ANP32E,,,,Synpo
KIF11,,,,Cntn4
PSRC1,,,,Crybg3
TUBB4B,,,,Plekhg3
SMC4,,,,6330403L08Rik
MXD3,,,,Piwil2
CDC25B,,,,Nbl1
OIP5,,,,Slc5a4b
REEP4,,,,AI118078
FOXM1,,,,C330021F23Rik
TMPO,,,,Dapp1
GPSM2,,,,Ppargc1b
HMGB3,,,,Klhl14
ARHGAP11A,,,,Prr19
RANGAP1,,,,Vrtn
H2AFZ,,,,Zhx3
,,,,Igtp
,,,,Tnfrsf1b
,,,,Zfp467
,,,,11-Mar
,,,,AI504432
,,,,Gbp3
,,,,Lgals3bp
,,,,S1pr1
,,,,Arhgef3
,,,,Ggct
,,,,G0s2
,,,,Nostrin
,,,,Ubash3a
,,,,Has2
,,,,Ace
,,,,4930502E18Rik
,,,,Angptl2
,,,,Nfia
,,,,Tnnt2
,,,,Kif7
,,,,Zp3
,,,,Pdk4
,,,,Fam129a
,,,,Phactr3
,,,,Hspb2
,,,,Saa3
,,,,Doc2a
,,,,Grp
,,,,Lrrc27
,,,,Asah2
,,,,Slc16a14
,,,,Foxp2
,,,,Cldn3
,,,,Ankrd44
,,,,Pde5a
,,,,4930422G04Rik
,,,,Trf
,,,,Lingo3
,,,,Kcnj8
,,,,Tmem74
,,,,Btbd19
,,,,Atp2a3
,,,,Gm129
,,,,Gm4392
,,,,Stap2
,,,,Rbm44
,,,,Stxbp5l
,,,,Pou4f3
,,,,Gm10503
,,,,Rasip1
,,,,Btnl7
,,,,Tspan33
,,,,St6gal2
,,,,Gtsf1
,,,,Rttn
,,,,Zbtb8b
,,,,Prickle4
,,,,Rasgef1c
,,,,Gstk1
,,,,Fgf18
,,,,Myb
,,,,Lypd6b
,,,,Nmi
,,,,Tha1
,,,,Unc79
,,,,Nfix
,,,,Rnf180
,,,,Prtg
,,,,Gm9631
,,,,Dusp15
,,,,Wt1
,,,,Crym
,,,,Wdr86
,,,,Bcl11b
,,,,Tmem79
,,,,Steap2
,,,,Eya2
,,,,Pgr
,,,,Fam13a
,,,,Il10rb
,,,,Dmrtb1
,,,,Lor
,,,,Pla2g16
,,,,Efemp1
,,,,Megf6
,,,,Tap2
,,,,Fam65b
,,,,Gm15440
,,,,Itgb8
,,,,Efcab2
,,,,Tjp3
,,,,Sstr2
,,,,St18
,,,,Plk5
,,,,Fam72a
,,,,1500009C09Rik
,,,,Krtcap3
,,,,Oaf
,,,,Npr3
,,,,Fbxl17
,,,,Rgl3
,,,,Filip1l
,,,,Angptl4
,,,,Col14a1
,,,,Xaf1
,,,,Fgfbp3
,,,,Casp8
,,,,Ccdc138
,,,,Cacna1g
,,,,Dsg2
,,,,Wnt7b
,,,,Ccl2
,,,,Mical2
,,,,Xkr7
,,,,Alk
,,,,Tmem63c
,,,,Fign
,,,,Kcnt1
,,,,Fam5c
,,,,Neil2
,,,,Cbx8
,,,,Fam19a1
,,,,Tmem56
,,,,Rasl11a
,,,,Ttc12
,,,,Gfod1
,,,,Mn1
,,,,Neurog2
,,,,Klhl1
,,,,BC026585
,,,,Gli1
,,,,St3gal6
,,,,Hoxc9
,,,,A2m
,,,,Pnpla7
,,,,Abcc8
,,,,AC132303.1
,,,,Zfp385b
,,,,Prss23
,,,,Ankrd42
,,,,Cacng5
,,,,Rln3
,,,,Rora
,,,,Kif14
,,,,Gm6937
,,,,Snai3
,,,,Ptx3
,,,,Ror1
,,,,Cntn5
,,,,Acy3
,,,,Cdk18
,,,,Pdlim3
,,,,Gm5468
,,,,Rhox6
,,,,Hand2
,,,,Siah3
,,,,Slc25a29
,,,,Spn
,,,,Pla2g12b
,,,,Grm8
,,,,Rhbdl1
,,,,B3gnt9-ps
,,,,Ano4
,,,,Prdm6
,,,,4930548H24Rik
,,,,Pld6
,,,,Macrod2
,,,,Fam190a
,,,,Rgs8
,,,,Npas3
,,,,Sned1
,,,,Cpn1
,,,,Ptch2
,,,,Kalrn
,,,,Grin2a
,,,,Lrp2
,,,,Lrp4
,,,,Fosb
,,,,Cd44
,,,,Acacb
,,,,Pdlim4
,,,,5730559C18Rik
,,,,H2-Q10
,,,,Shank2
,,,,Dpf3
,,,,Rerg
,,,,Foxj1
,,,,Evc2
,,,,Gtf2ird2
,,,,Epha1
,,,,Ripply1
,,,,Cadps2
,,,,Nek8
,,,,Hnf1b
,,,,Pfkfb1
,,,,D130043K22Rik
,,,,Atf7ip2
,,,,1700029P11Rik
,,,,Lemd1
,,,,Alox5ap
,,,,Rnf217
,,,,Stard8
,,,,D1Pas1
,,,,Tusc1
,,,,Trim12c
,,,,Sidt1
,,,,Tmem63a
,,,,Tbx15
,,,,Lgr5
,,,,Gm14124
,,,,Ptprm
,,,,1810011O10Rik
,,,,Col23a1
,,,,Sdk2
,,,,Slc16a6
,,,,Maf
,,,,Gen1
,,,,Shisa9
,,,,Hrk
,,,,Atp6v0a4
,,,,P2rx7
,,,,Gpr61
,,,,Fhod1
,,,,Sall3
,,,,Atp1a2
,,,,Fam123a
,,,,Slc44a5
,,,,Frmpd4
,,,,Radil
,,,,Grin2b
,,,,Shisa6
,,,,Tesk2
,,,,A930038C07Rik
,,,,Slc43a3
,,,,Prrt4
,,,,Fam43b
,,,,Cttnbp2
,,,,Rasa4
,,,,Tcte1
,,,,Pcdhb10
,,,,Ripk4
,,,,Dmc1
,,,,Notch2
,,,,Zglp1
,,,,Naa11
,,,,Prss50
,,,,Ccdc3
,,,,Tmem54
,,,,Nog
,,,,Rtn4rl2
,,,,Slc4a10
,,,,Mlc1
,,,,Maml3
,,,,Cdh7
,,,,Gfra4
,,,,Prune2
,,,,Cep72
,,,,Grik1
,,,,Cntn6
,,,,Lmo2
,,,,Mettl7a1
,,,,Trpc1
,,,,Mast4
,,,,Gprc5c
,,,,Ppp4r4
,,,,Camkv
,,,,Amn
,,,,Uggt2
,,,,Ribc1
,,,,Car13
,,,,Pde2a
,,,,Kcnk10
,,,,Rab43
,,,,Vill
,,,,Olig3
,,,,Tnnt1
,,,,Hmha1
,,,,Gm12258
,,,,Lrfn2
,,,,Gpr3
,,,,Pag1
,,,,Cpne4
,,,,Angptl6
,,,,Rab25
,,,,Ccdc163
,,,,Slc6a11
,,,,Mgll
,,,,Epha6
,,,,Bdh2
,,,,Bgn
,,,,Fmnl1
,,,,Cdh9
,,,,Rgl1
,,,,Inpp4b
,,,,Aspn
,,,,Pcdhb6
,,,,Med12l
,,,,Slc16a7
,,,,Gpr173
,,,,5031425E22Rik
,,,,Cd59a
,,,,Gstm6
,,,,Adrbk2
,,,,Luzp2
,,,,Bcan
,,,,Dtx3l
,,,,Wscd2
,,,,Ppapdc1a
,,,,Myh14
,,,,Ammecr1
,,,,Sorcs1
,,,,Pfkfb4
,,,,Gm5113
,,,,Nr4a2
,,,,Bicc1
,,,,Unc5b
,,,,Guca1a
,,,,Gabra4
,,,,Kcna4
,,,,Klhl29
,,,,Adck3
,,,,Gpr50
,,,,Mecom
,,,,Inf2
,,,,Hoxd9
,,,,BC021614
,,,,Ikzf4
,,,,Lat
,,,,S100a16
,,,,Tmem108
,,,,Acss1
,,,,Usp44
,,,,Des
,,,,Htr1b
,,,,Tor3a
,,,,Scarf2
,,,,Mlf1
,,,,F2
,,,,Tm6sf1
,,,,Myo16
,,,,Fibcd1
,,,,Grhl3
,,,,Zfyve28
,,,,Nkain2
,,,,Utp14b
,,,,5430405G05Rik
,,,,Ttll11
,,,,AF064781
,,,,En1
,,,,Cux2
,,,,Zbtb32
,,,,Gramd3
,,,,Cnksr3
,,,,Sertad3
,,,,Stk10
,,,,Cdh22
,,,,Zfp345
,,,,Ppp1r13l
,,,,Gm9805
,,,,1700007E06Rik
,,,,H2-M5
,,,,Col11a1
,,,,Slc24a6
,,,,Sh3kbp1
,,,,Ubash3b
,,,,Rab27a
,,,,Rasd1
,,,,BC030500
,,,,Pkn3
,,,,Gpr27
,,,,Mmp16
,,,,Fosl2
,,,,Fbxl7
,,,,Zfp697
,,,,Slc39a8
,,,,Tspyl5
,,,,Adamtsl1
,,,,Gcnt1
,,,,Ddit4l
,,,,Lrrtm4
,,,,Lnx1
,,,,Ppp1r14a
,,,,Acp5
,,,,Zfp319
,,,,Gm514
,,,,Plce1
,,,,Fgfr3
,,,,Pdzrn4
,,,,Mfap3l
,,,,Adamts7
,,,,Galntl4
,,,,Abcg1
,,,,Htatip2
,,,,Plekhf1
,,,,Mup6
,,,,Stil
,,,,2810408A11Rik
,,,,4930579G24Rik
,,,,Fam178b
,,,,2210016F16Rik
,,,,Ptpn14
,,,,Fgf1
,,,,AC151908.1
,,,,Tmem200a
,,,,Adamts15
,,,,Dpp4
,,,,Thsd7b
,,,,Coch
,,,,Tbc1d12
,,,,Atp10a
,,,,Cchcr1
,,,,Sorcs3
,,,,Clca1
,,,,Wnt5a
,,,,2010317E24Rik
,,,,2610018G03Rik
,,,,Mpzl2
,,,,Kcnk2
,,,,Galntl6
,,,,Ophn1
,,,,Sap25
,,,,Mpped1
,,,,Habp2
,,,,Bmp2
,,,,Dll3
,,,,Xrcc3
,,,,Tnfaip8
,,,,Ahnak
,,,,CN725425
,,,,Sorbs3
,,,,Lrrc34
,,,,E2f2
,,,,Cnih3
,,,,Iqsec2
,,,,Gm447
,,,,Dusp18
,,,,Ddx3y
,,,,Soat2
,,,,Gpat2
,,,,Il17rd
,,,,Rsph1
,,,,Tmtc2
,,,,Lrrc17
,,,,Nrtn
,,,,Eml6
,,,,Nrg1
,,,,Amhr2
,,,,Abcd2
,,,,Pcdhb5
,,,,Nmb
,,,,Ppp1r12b
,,,,Bcl6
,,,,Gmip
,,,,Tgfb2
,,,,Nt5dc1
,,,,Cxcl12
,,,,Ppil5
,,,,Zc3h12c
,,,,Serpina10
,,,,Rimbp2
,,,,St8sia5
,,,,Palb2
,,,,Ttc39a
,,,,Tnk1
,,,,Rgs6
,,,,Hcn4
,,,,Col25a1
,,,,Agtr2
,,,,Rtkn2
,,,,Adm2
,,,,Nr3c2
,,,,AC156990.1
,,,,Six5
,,,,2410012M07Rik
,,,,Lin9
,,,,Pctp
,,,,Sigirr
,,,,Bmf
,,,,Ddc
,,,,Ell3
,,,,Slco2a1
,,,,Prr18
,,,,Gstt1
,,,,Rell1
,,,,Tmem132c
,,,,Plaur
,,,,Sh2d5
,,,,Mrgpre
,,,,Qprt
,,,,Lrrtm2
,,,,Lgi1
,,,,Phox2a
,,,,Ccl11
,,,,Islr
,,,,Nppc
,,,,Gucy1a2
,,,,Nol3
,,,,Caskin2
,,,,Grm3
,,,,4930547N16Rik
,,,,Pcdhb3
,,,,B3galt5
,,,,Ninl
,,,,Dram1
,,,,Nhsl1
,,,,Fzd5
,,,,Stc1
,,,,Lyrm1
,,,,Zfp804a
,,,,Sobp
,,,,Gm12588
,,,,Kifc5b
,,,,Syt12
,,,,Aldh1l2
,,,,Rasgef1b
,,,,Zfp185
,,,,Plekhh1
,,,,Ccdc14
,,,,Trank1
,,,,Zfp934
,,,,Psma8
,,,,Taf4b
,,,,Lcp1
,,,,St6galnac5
,,,,Stk36
,,,,Irx5
,,,,Galnt6
,,,,Cmpk2
,,,,Gulp1
,,,,Steap3
,,,,Jag1
,,,,Smpdl3b
,,,,Mdga2
,,,,Mppe1
,,,,Nav3
,,,,Aifm3
,,,,Osbpl5
,,,,Odz1
,,,,Susd2
,,,,Tmem53
,,,,Ptprz1
,,,,2610034B18Rik
,,,,Ripk3
,,,,E2f7
,,,,2610528J11Rik
,,,,Antxr1
,,,,Gstm3
,,,,Lmo3
,,,,Sphkap
,,,,Kank1
,,,,Mcm8
,,,,Krt17
,,,,Serhl
,,,,Sfxn4
,,,,Vrk2
,,,,Gm12258
,,,,Dbx1
,,,,Derl3
,,,,C2cd2
,,,,Erbb4
,,,,B3galt2
,,,,Gngt2
,,,,Ndufa4l2
,,,,Hs3st4
,,,,Rbm43
,,,,C330019L16Rik
,,,,Mastl
,,,,Osbp2
,,,,Rftn1
,,,,Ptprr
,,,,Slc5a3
,,,,Kctd21
,,,,A730017C20Rik
,,,,Prkca
,,,,Stat6
,,,,Arhgap29
,,,,Clgn
,,,,Grid2
,,,,Snx33
,,,,Lad1
,,,,Lypd6
,,,,Ets1
,,,,Cpne8
,,,,Epha7
,,,,Lpar2
,,,,Emid1
,,,,Gprc5a
,,,,Klc3
,,,,Gchfr
,,,,Ctxn2
,,,,Enpep
,,,,Pcdhb9
,,,,Cacna1h
,,,,Thbs3
,,,,Klf15
,,,,Hcn1
,,,,Foxo1
,,,,Dhdh
,,,,Slitrk3
,,,,Syt17
,,,,Sox9
,,,,Camk4
,,,,Slc41a2
,,,,Nfatc4
,,,,Gadd45b
,,,,Izumo4
,,,,Ano9
,,,,Mbd5
,,,,Lrrtm3
,,,,A4galt
,,,,Slc12a8
,,,,Cdc14b
,,,,Fam78b
,,,,Tmem132b
,,,,Mal2
,,,,Fat4
,,,,Mctp1
,,,,Ildr1
,,,,Mcf2
,,,,Bmp7
,,,,Evc
,,,,Csrnp1
,,,,Cntnap5a
,,,,Glycam1
,,,,Slc8a3
,,,,Mical1
,,,,Kitl
,,,,Wdr31
,,,,Zfp316
,,,,Cgn
,,,,Cit
,,,,Tril
,,,,Creg2
,,,,Rnasel
,,,,Prodh
,,,,Adcy9
,,,,Psmb9
,,,,Hs3st3b1
,,,,Slc43a1
,,,,Rfx3
,,,,Rbl1
,,,,Rnf150
,,,,Galnt9
,,,,Dhtkd1
,,,,Lypd1
,,,,AF529169
,,,,Tram2
,,,,Tead3
,,,,Itprip
,,,,Cdk5rap2
,,,,9430038I01Rik
,,,,Ahcy
,,,,Fxyd3
,,,,Htr7
,,,,Rgs16
,,,,Gabpb2
,,,,Wnt4
,,,,Plekha2
,,,,Ptchd1
,,,,Kbtbd11
,,,,Kcnj3
,,,,Odz4
,,,,D6Mm5e
,,,,As3mt
,,,,Dusp5
,,,,Ltbp3
,,,,Brca2
,,,,Sema4f
,,,,Kctd7
,,,,Vwc2
,,,,Tmem194
,,,,Pqlc3
,,,,Smc1b
,,,,Fam13c
,,,,Sorbs2
,,,,Lats2
,,,,Ttc23
,,,,Chst11
,,,,Ust
,,,,Zfp612
,,,,Lum
,,,,Ldlrap1
,,,,Lrtm2
,,,,Grin3a
,,,,Plekhb1
,,,,Rbm11
,,,,Ttc39b
,,,,Lrig3
,,,,Dnase2a
,,,,F8a
,,,,Dgka
,,,,Aff2
,,,,B4galnt3
,,,,Pitpnm3
,,,,Cyp1b1
,,,,Stk17b
,,,,Lpar1
,,,,Galnt13
,,,,Crtc3
,,,,Cdc42ep1
,,,,Kcnb1
,,,,Slc27a2
,,,,Tmem132b
,,,,Fzd1
,,,,Suv39h2
,,,,Apobec1
,,,,Mid2
,,,,Kcnd3
,,,,Nptxr
,,,,Cdkl5
,,,,Gm11133
,,,,Ypel1
,,,,2610019F03Rik
,,,,Itpr3
,,,,Rai2
,,,,Neurod4
,,,,4833420G17Rik
,,,,Bmper
,,,,Ada
,,,,4833424O15Rik
,,,,Amy1
,,,,Tmem158
,,,,Kcnip4
,,,,Klhdc8b
,,,,Leprel1
,,,,Gpr22
,,,,Lingo2
,,,,Islr2
,,,,Cep110
,,,,Naprt1
,,,,Arhgef16
,,,,Gstm4
,,,,Neil3
,,,,Sft2d2
,,,,Crb3
,,,,Sipa1
,,,,Fbn1
,,,,Lpar6
,,,,Fam120c
,,,,Gpr85
,,,,Frzb
,,,,Bean1
,,,,Rhpn2
,,,,Col4a5
,,,,Hpn
,,,,Fam184b
,,,,Asxl3
,,,,Tbx3
,,,,Shroom3
,,,,Spice1
,,,,Tmem20
,,,,Kctd1
,,,,Pik3c2b
,,,,Lgi3
,,,,Gcnt2
,,,,Pde8b
,,,,Hkdc1
,,,,Ccdc88c
,,,,Hic1
,,,,Rasgef1a
,,,,Kcnn1
,,,,Meox1
,,,,Adora1
,,,,Nkain2
,,,,Ebf2
,,,,Tirap
,,,,Nrip1
,,,,1810012P15Rik
,,,,Igsf9b
,,,,Sox13
,,,,Fndc3c1
,,,,AL954377.1
,,,,Fam63b
,,,,Srrm4
,,,,Pcdhb7
,,,,Ifi35
,,,,Akap5
,,,,Fam124a
,,,,C77370
,,,,Anks1b
,,,,Tcirg1
,,,,4930447C04Rik
,,,,9930013L23Rik
,,,,AC127693.1
,,,,Ghr
,,,,Arhgap8
,,,,Lrrc1
,,,,Fgd5
,,,,Ildr2
,,,,Reps2
,,,,Unc13b
,,,,Ednra
,,,,Rbms3
,,,,Rasgrf2
,,,,Prdm13
,,,,Zfp672
,,,,Antxr2
,,,,Wbscr17
,,,,Pak7
,,,,AI428936
,,,,Scai
,,,,Plcl1
,,,,Hdhd3
,,,,Camk1d
,,,,Galm
,,,,Macrod1
,,,,Pcdh19
,,,,Aph1b
,,,,Ppapdc2
,,,,Pex5l
,,,,Hpdl
,,,,Apcdd1
,,,,Zfp711
,,,,Pcdhb17
,,,,Nfkb2
,,,,Cenpi
,,,,Npepl1
,,,,Otud7a
,,,,Kcns3
,,,,Limch1
,,,,Myo1h
,,,,Zkscan2
,,,,Fam54a
,,,,Cntnap4
,,,,Pld5
,,,,Adck2
,,,,Fry
,,,,Zfp827
,,,,Paqr9
,,,,Zyg11a
,,,,Elf1
,,,,Gyltl1b
,,,,Rinl
,,,,Ppm1m
,,,,Fgf5
,,,,Iqgap3
,,,,Esrp1
,,,,Slc7a8
,,,,Snai2
,,,,Metrnl
,,,,Ccdc102a
,,,,Prrg4
,,,,Foxa2
,,,,Myo1e
,,,,Itpr1
,,,,4-Mar
,,,,Mdfi
,,,,Depdc1a
,,,,Tinagl1
,,,,Tbx2
,,,,Got1l1
,,,,AI646023
,,,,Parp9
,,,,Ebf4
,,,,Mfhas1
,,,,B4galnt2
,,,,Nlgn3
,,,,Athl1
,,,,Peg12
,,,,Zfp9
,,,,Smoc2
,,,,Tgfbr3
,,,,Ska1
,,,,Zfp473
,,,,Gsg2
,,,,Rasd2
,,,,Ces5a
,,,,Hdac9
,,,,Fmn2
,,,,Zc3hav1
,,,,Six4
,,,,5730590G19Rik
,,,,Myof
,,,,Clic6
,,,,Cenpl
,,,,Arhgap24
,,,,Rhobtb1
,,,,Pcbd1
,,,,Irf2
,,,,Irs1
,,,,C1ql2
,,,,Thbs1
,,,,Cdkn3
,,,,Nr6a1
,,,,Pde4b
,,,,Kirrel2
,,,,Spats2l
,,,,Plxdc1
,,,,Tcp11l1
,,,,Osr1
,,,,Wdr90
,,,,Sh2b2
,,,,Wdr62
,,,,Trib1
,,,,Nr5a2
,,,,Exoc3l
,,,,Rgnef
,,,,Grem2
,,,,Pcdhb11
,,,,Atad5
,,,,Sntg1
,,,,Folr1
,,,,Fads3
,,,,Ppap2c
,,,,Dagla
,,,,Slc26a2
,,,,Zfp600
,,,,Ptpn13
,,,,Erbb2
,,,,Fmnl3
,,,,Ppm1k
,,,,Aqp11
,,,,Iqgap2
,,,,Abhd3
,,,,1-Mar
,,,,Ddx4
,,,,Dgkb
,,,,Tmem132e
,,,,Pnldc1
,,,,Phf15
,,,,Prorsd1
,,,,Lif
,,,,Asb1
,,,,Shc3
,,,,Anxa1
,,,,Magel2
,,,,Btbd11
,,,,Klhl35
,,,,Chrm3
,,,,Tnfrsf19
,,,,Naa16
,,,,Adra2a
,,,,Igfbp7
,,,,Sncaip
,,,,B3gat2
,,,,Irx2
,,,,Serinc2
,,,,Zfp46
,,,,Scube2
,,,,Cacnb4
,,,,Vldlr
,,,,Fam189a1
,,,,Arhgap28
,,,,Vav3
,,,,Kctd8
,,,,Ablim1
,,,,Cxcr4
,,,,Epm2a
,,,,Btbd17
,,,,Aldh1a2
,,,,Shisa3
,,,,Galnt14
,,,,Rdh10
,,,,Psmb8
,,,,Opcml
,,,,Pou2f2
,,,,Prickle2
,,,,Unc5c
,,,,Pif1
,,,,Tmem88
,,,,Fam185a
,,,,Grid1
,,,,4930522L14Rik
,,,,Hivep2
,,,,Tnc
,,,,Pacsin3
,,,,Hsd3b7
,,,,Rbl2
,,,,Bspry
,,,,Pcdhb2
,,,,Cbs
,,,,Bbs1
,,,,Mtus2
,,,,Dusp28
,,,,Palld
,,,,Gm14139
,,,,Tex14
,,,,Mtap7
,,,,Depdc1b
,,,,Cacng3
,,,,Fam189a2
,,,,Spata13
,,,,Cabp7
,,,,Mgst2
,,,,Rnf219
,,,,E130306D19Rik
,,,,Raet1d
,,,,Klf11
,,,,Fhdc1
,,,,1700019D03Rik
,,,,Col6a3
,,,,9030418K01Rik
,,,,Pla2g10
,,,,Ttc39c
,,,,Slc25a24
,,,,10-Sep
,,,,Map4k1
,,,,Morc4
,,,,Prrt3
,,,,Ankrd34a
,,,,Uaca
,,,,Adra1b
,,,,Pitx1
,,,,Steap1
,,,,Opn3
,,,,Actn3
,,,,Trim36
,,,,Fut9
,,,,Il1r1
,,,,Ppp1r14c
,,,,Ppp2r3a
,,,,Sh3bp2
,,,,Tmem178
,,,,Bcar3
,,,,Gm13308
,,,,D10Bwg1379e
,,,,Lmo1
,,,,Unc5d
,,,,Bcl9l
,,,,Slc2a13
,,,,Nxf7
,,,,Gm5595
,,,,Peli3
,,,,Srrm3
,,,,Prox1
,,,,Syce1
,,,,4930427A07Rik
,,,,Anpep
,,,,Fam59b
,,,,Kcnma1
,,,,Pde4d
,,,,Ak5
,,,,Rbp7
,,,,Gramd1b
,,,,Glipr1
,,,,D930028M14Rik
,,,,Fgf10
,,,,D430041D05Rik
,,,,Gm14406
,,,,Bicd1
,,,,Rpp40
,,,,Tyk2
,,,,Gpc5
,,,,Zim1
,,,,Sstr1
,,,,Sema5b
,,,,Grik2
,,,,Kremen1
,,,,Plvap
,,,,Slitrk4
,,,,Cbfa2t3
,,,,Rab9b
,,,,Zfp819
,,,,Ppapdc3
,,,,Hoxd8
,,,,Cdh4
,,,,Nuak1
,,,,Setbp1
,,,,Phactr2
,,,,Hecw1
,,,,Foxd3
,,,,Cdk19
,,,,Trim62
,,,,Baz1a
,,,,Chrnb4
,,,,Kif26b
,,,,Fgf15
,,,,Tlcd1
,,,,Lck
,,,,Khdrbs2
,,,,Bard1
,,,,Senp7
,,,,Slco3a1
,,,,Hspb8
,,,,Slc24a4
,,,,Sos2
,,,,Ccdc8
,,,,Ccdc114
,,,,Pask
,,,,6430704M03Rik
,,,,Grip2
,,,,Tceal1
,,,,Nhedc1
,,,,Kcna6
,,,,Gls2
,,,,Ncapg2
,,,,Sertad4
,,,,Nlgn1
,,,,Gm1564
,,,,Grip1
,,,,Arpp21
,,,,Lama4
,,,,Ccnjl
,,,,Calml4
,,,,Notch3
,,,,Map3k1
,,,,Il33
,,,,Pou4f2
,,,,Rims1
,,,,Wdr89
,,,,Car11
,,,,Nedd1
,,,,Arg2
,,,,Arc
,,,,4930583H14Rik
,,,,Atr
,,,,Stxbp6
,,,,Arl4d
,,,,Tshz3
,,,,Efna5
,,,,Slc1a6
,,,,Lrdd
,,,,Mfng
,,,,Ntrk3
,,,,Sntb2
,,,,Rgag4
,,,,Dbp
,,,,Ctsc
,,,,Tmem170b
,,,,Slc4a8
,,,,Irgm1
,,,,Eea1
,,,,Pcnt
,,,,Lrrc3b
,,,,Fam102b
,,,,Myrip
,,,,Nrk
,,,,Spon2
,,,,Ldb2
,,,,Rassf4
,,,,CU041236.2
,,,,Ybx2
,,,,Poc1b
,,,,Slc12a4
,,,,Chmp4c
,,,,Lrfn3
,,,,Insm1
,,,,Bhlhe22
,,,,Smad7
,,,,Dazl
,,,,Gbp1
,,,,Dcaf12l1
,,,,Gm14412
,,,,Dnajb14
,,,,Casc5
,,,,Capsl
,,,,Rab11fip2
,,,,Plxnc1
,,,,Unc5a
,,,,Rbms2
,,,,Grm4
,,,,Akr1b8
,,,,Triobp
,,,,Syt16
,,,,Tmem62
,,,,Fam174b
,,,,Gm10330
,,,,Plxna4
,,,,Rfx2
,,,,Ankrd12
,,,,Hs3st2
,,,,Ank3
,,,,Astn2
,,,,Slc35f3
,,,,Celf2
,,,,Fhl2
,,,,Dact2
,,,,Mtr
,,,,Map3k9
,,,,Ptpro
,,,,Abcb1b
,,,,Aif1l
,,,,Rock1
,,,,Dusp26
,,,,Dok6
,,,,Fgf9
,,,,Chst2
,,,,Mxd3
,,,,Phospho1
,,,,Pms1
,,,,3110052M02Rik
,,,,Rad18
,,,,Mutyh
,,,,Ptger3
,,,,Olfr1344
,,,,Lzts1
,,,,Map3k13
,,,,Cdh3
,,,,Prdm14
,,,,Mgp
,,,,Nol4
,,,,Irx1
,,,,Zkscan16
,,,,Synpr
,,,,Heatr2
,,,,Arhgap26
,,,,Caln1
,,,,Tmem117
,,,,Tgfb1i1
,,,,Ddx11
,,,,Fam163b
,,,,1600014C10Rik
,,,,Dennd2c
,,,,C1qtnf4
,,,,Kcnk3
,,,,Mxd1
,,,,Fam116b
,,,,Efs
,,,,Itga5
,,,,Ica1l
,,,,Stk32c
,,,,Kndc1
,,,,Plcl2
,,,,Tmem151b
,,,,Ttr
,,,,Sema4d
,,,,Gabrg2
,,,,Pdgfrb
,,,,Nalcn
,,,,Mapk13
,,,,Slc17a9
,,,,Pde10a
,,,,Aspm
,,,,Bach2
,,,,Neto1
,,,,Cacna2d1
,,,,Ltbp1
,,,,Pkmyt1
,,,,Tcfcp2l1
,,,,Zbtb44
,,,,Ankrd24
,,,,Tlx3
,,,,Tmem169
,,,,Adamts1
,,,,2610109H07Rik
,,,,Ntng1
,,,,Ap1m2
,,,,Fah
,,,,Fam5b
,,,,4632434I11Rik
,,,,Recql4
,,,,Lgals9
,,,,Def6
,,,,Rnf152
,,,,Ptprt
,,,,Gas7
,,,,Prdm8
,,,,Ric3
,,,,Dennd5b
,,,,RP23-147O14.1
,,,,Ccdc28a
,,,,Dscc1
,,,,Ptpn6
,,,,Tmc6
,,,,Zkscan1
,,,,Rad51ap1
,,,,Dlk2
,,,,Osbpl6
,,,,Dhrs4
,,,,Spred3
,,,,E130309D14Rik
,,,,Slc25a27
,,,,Atp8a2
,,,,Rgs10
,,,,Ggta1
,,,,Kcna2
,,,,Tnfrsf10b
,,,,Clstn2
,,,,Orai3
,,,,Tor1aip2
,,,,Ptgis
,,,,Bzrap1
,,,,Bcl2l12
,,,,Ephb1
,,,,1190005I06Rik
,,,,Bend3
,,,,Tmem150c
,,,,Ppargc1a
,,,,Samd12
,,,,Nrarp
,,,,Zfp282
,,,,Ntn4
,,,,Tmeff2
,,,,Cacng2
,,,,Diap3
,,,,Lmx1b
,,,,Cdc42ep2
,,,,Garnl3
,,,,Chac2
,,,,Pcdh18
,,,,Ercc6l
,,,,Ppfibp1
,,,,Abcb9
,,,,Aff3
,,,,Tead1
,,,,Nrxn3
,,,,Fam18a
,,,,Inha
,,,,Tdrd7
,,,,Haus6
,,,,9330182L06Rik
,,,,Npr2
,,,,Zfp521
,,,,Parp12
,,,,Hormad1
,,,,St3gal1
,,,,Plekhg2
,,,,Zc3hav1l
,,,,Hps1
,,,,Tcfap2c
,,,,Ephx2
,,,,Gab2
,,,,Tmem176a
,,,,Rad54b
,,,,Cck
,,,,Cenpk
,,,,Tbc1d30
,,,,C230052I12Rik
,,,,Plekha6
,,,,Bnc2
,,,,Lrrc2
,,,,Iqcg
,,,,Slit2
,,,,Sox17
,,,,Zfp459
,,,,2810030E01Rik
,,,,Rnase4
,,,,Bsn
,,,,Mlf1ip
,,,,Rims4
,,,,H2-Gs10
,,,,Zranb3
,,,,Ccdc61
,,,,Efna4
,,,,Nphs1
,,,,2310008H04Rik
,,,,Gca
,,,,C2cd2l
,,,,Pcdh8
,,,,Slco5a1
,,,,Anxa4
,,,,Plcxd3
,,,,Gsg1l
,,,,B3gnt5
,,,,Rnf112
,,,,Atp2b4
,,,,Gm7120
,,,,Grm7
,,,,Pak6
,,,,Sgpp1
,,,,Magi2
,,,,Slc28a1
,,,,Mns1
,,,,Fam86
,,,,Traip
,,,,Cklf
,,,,Cd248
,,,,Letm2
,,,,S100a1
,,,,Wnt1
,,,,Elfn2
,,,,Zfp579
,,,,Gm9996
,,,,BC030867
,,,,Ccdc77
,,,,Snai1
,,,,Nrgn
,,,,Mbnl1
,,,,Orai2
,,,,Nptx1
,,,,Tspan12
,,,,Hes5
,,,,Lysmd1
,,,,Glra3
,,,,Cacng8
,,,,B3galt1
,,,,Ankrd29
,,,,Nfib
,,,,Eda2r
,,,,Dock1
,,,,Mmp11
,,,,Cd97
,,,,Hoxc8
,,,,Dnahc8
,,,,Slc35e4
,,,,Cecr2
,,,,Tcf19
,,,,Ddr2
,,,,Glt1d1
,,,,Gli3
,,,,Vwa5b2
,,,,Pclo
,,,,Ccnb1ip1
,,,,1700007K13Rik
,,,,Ankrd37
,,,,6330403A02Rik
,,,,Eme2
,,,,Tcf7l2
,,,,Cdc25c
,,,,Xkr4
,,,,Miip
,,,,Slc25a40
,,,,Gm10576
,,,,Ccl25
,,,,Mov10l1
,,,,Ngef
,,,,Cbx4
,,,,Capn5
,,,,Cercam
,,,,Abcd4
,,,,Prr11
,,,,Adcy5
,,,,Whrn
,,,,Eng
,,,,Notch1
,,,,Tgfbr2
,,,,Nkd1
,,,,Nsl1
,,,,Pxmp2
,,,,Fam123c
,,,,Zmat4
,,,,Exo1
,,,,Cdh6
,,,,Cpne3
,,,,Chst14
,,,,Pi4k2b
,,,,Fbn2
,,,,Gm15800
,,,,Arhgef40
,,,,Hs6st3
,,,,Palm3
,,,,Adcy8
,,,,Aldh1l1
,,,,Kif18a
,,,,Kcnc2
,,,,Fam126b
,,,,Kank3
,,,,Pitx2
,,,,Arhgap17
,,,,Cxxc4
,,,,Gm11127
,,,,Slc25a30
,,,,Cd68
,,,,Plagl2
,,,,Nxph1
,,,,Dstyk
,,,,Cxx1c
,,,,Mapkapk3
,,,,Lrrc4c
,,,,Ppm1j
,,,,Atp5s
,,,,Sh3bgrl2
,,,,Ephb6
,,,,Atl1
,,,,Zfp518a
,,,,1300018J18Rik
,,,,Xkr5
,,,,Gm996
,,,,Tpm2
,,,,Syt9
,,,,1700001L05Rik
,,,,Gfra2
,,,,Tmem170
,,,,Pcdh1
,,,,Pygo1
,,,,Irx3
,,,,Plekha7
,,,,Cbln2
,,,,Phyhip
,,,,Sykb
,,,,Parp8
,,,,Deptor
,,,,Plcd1
,,,,Rnf103
,,,,Elovl2
,,,,Tox
,,,,Ly75
,,,,BC027231
,,,,St8sia4
,,,,Jak2
,,,,Tpbg
,,,,Slc35f4
,,,,Casp6
,,,,Nrip3
,,,,Kcnmb4
,,,,Fam126a
,,,,Ctsh
,,,,Klhl17
,,,,Zfp365
,,,,Ajap1
,,,,AC087117.1
,,,,Trpc3
,,,,Ltbr
,,,,Bcl3
,,,,Cdc42bpg
,,,,Arhgef10l
,,,,Gpr158
,,,,Phactr4
,,,,Nfatc2ip
,,,,Dkk3
,,,,Eml3
,,,,Troap
,,,,Hpcal4
,,,,A930005H10Rik
,,,,Tmem44
,,,,Csrnp3
,,,,RP23-467K15.1
,,,,Nudt10
,,,,Nat14
,,,,2510009E07Rik
,,,,2610039C10Rik
,,,,Arhgap20
,,,,Sema7a
,,,,Spnb1
,,,,Abcc1
,,,,Rassf5
,,,,Acyp2
,,,,Chst1
,,,,Pnma2
,,,,Grik3
,,,,Calb2
,,,,Rtn4r
,,,,Sox21
,,,,Gpc6
,,,,Tmem51
,,,,Fbxl2
,,,,Dhfr
,,,,Zfhx2
,,,,Marveld1
,,,,Slc45a1
,,,,2610008E11Rik
,,,,Smad3
,,,,Darc
,,,,Rapgefl1
,,,,Clspn
,,,,Lsp1
,,,,Zfr2
,,,,Nupr1
,,,,Poc1a
,,,,Bai3
,,,,Siah1b
,,,,Vcan
,,,,Mapk12
,,,,Trib3
,,,,Perp
,,,,Rhov
,,,,Cth
,,,,Olfml3
,,,,Lrrc4
,,,,Plekhm2
,,,,Pmaip1
,,,,Depdc7
,,,,1110032A03Rik
,,,,Syngap1
,,,,Megf9
,,,,Snx21
,,,,Nes
,,,,Tram1l1
,,,,Pou3f1
,,,,St7
,,,,Zfp651
,,,,Tnfrsf1a
,,,,Pgap1
,,,,Accn1
,,,,2610203C20Rik
,,,,Slc30a3
,,,,Gjb3
,,,,Swap70
,,,,Ccnyl1
,,,,Camk2n1
,,,,Mrc2
,,,,Crtc1
,,,,Gmfg
,,,,Rps6kl1
,,,,Ppp1r3f
,,,,Rgs17
,,,,Ascl1
,,,,Shisa7
,,,,Pla2g7
,,,,Pnoc
,,,,Abcg4
,,,,Unc80
,,,,Pou3f4
,,,,Slc1a2
,,,,Sirt1
,,,,Dlg2
,,,,L3mbtl3
,,,,Mms22l
,,,,Sv2b
,,,,Acot1
,,,,Ntn1
,,,,Pcp4l1
,,,,Tmem25
,,,,Dlgap1
,,,,Cyth1
,,,,Fam122b
,,,,Dio3
,,,,Ephb4
,,,,Fam117a
,,,,Fam83d
,,,,Tmem8b
,,,,Mdm1
,,,,Rnf165
,,,,Mdga1
,,,,Pole
,,,,Slit1
,,,,1700025G04Rik
,,,,Bend5
,,,,Rhbdf2
,,,,Flrt2
,,,,Gpr161
,,,,Limd1
,,,,Hpca
,,,,Syt7
,,,,Plk4
,,,,Cacna2d3
,,,,Gm13139
,,,,Slc9a7
,,,,Fndc5
,,,,Egln3
,,,,Cacna1b
,,,,Rhbdl3
,,,,Phlpp2
,,,,Flt1
,,,,Lhfpl3
,,,,Bin2
,,,,Cabp1
,,,,Diras2
,,,,Clip1
,,,,Rpp25
,,,,E130309F12Rik
,,,,Net1
,,,,Rassf3
,,,,Tanc1
,,,,Ostf1
,,,,Zfp618
,,,,Nf1
,,,,Grhl2
,,,,Cyct
,,,,Spnb4
,,,,Phldb2
,,,,Gusb
,,,,Calca
,,,,Nthl1
,,,,Nudt18
,,,,Zhx1
,,,,Fndc1
,,,,Zeb2
,,,,Urb1
,,,,Ldlrad3
,,,,Tmem198
,,,,Agpat2
,,,,Gpx7
,,,,Ypel2
,,,,Matk
,,,,Gm10130
,,,,Tst
,,,,Elf3
,,,,Fgfbp1
,,,,Adam17
,,,,Slitrk5
,,,,Tmco3
,,,,Sema3a
,,,,Mtmr12
,,,,Shank3
,,,,Dab1
,,,,Frmd4b
,,,,Crebl2
,,,,Fanca
,,,,Acvr2b
,,,,Lrch4
,,,,Rffl
,,,,Fzd3
,,,,Apool
,,,,Msx1
,,,,Rhof
,,,,Grm5
,,,,Tcta
,,,,Fam49a
,,,,Fam38a
,,,,Sgol1
,,,,Vax2
,,,,E2f8
,,,,Agtrap
,,,,Slc2a6
,,,,Kcnc3
,,,,Lin7a
,,,,Nrg3
,,,,Odz2
,,,,Tpd52l1
,,,,Fam20c
,,,,Cdca2
,,,,Glra2
,,,,Qpct
,,,,Ttll4
,,,,Cubn
,,,,Camk1g
,,,,Pdgfa
,,,,Elovl1
,,,,Zfp319
,,,,Zfp36
,,,,Pitpnm2
,,,,Haus5
,,,,Kcnq3
,,,,Tspan2
,,,,Gucy1b3
,,,,Celsr3
,,,,Kcna1
,,,,Copz2
,,,,Ufsp1
,,,,Pxn
,,,,Stradb
,,,,Spint1
,,,,Nynrin
,,,,Pramef12
,,,,Nell1
,,,,Srsf12
,,,,Mpv17l
,,,,Cpeb1
,,,,B3gnt2
,,,,Gm10645
,,,,Scn3a
,,,,Kntc1
,,,,8430427H17Rik
,,,,Hsf2bp
,,,,Fam195a
,,,,Lgals8
,,,,Zcwpw1
,,,,Cacna1a
,,,,Mpped2
,,,,Ehd3
,,,,Frmd8
,,,,Eid2b
,,,,Wwtr1
,,,,Celf6
,,,,Gata6
,,,,Ttbk1
,,,,Dtna
,,,,Creb3l1
,,,,Slc4a3
,,,,Hipk2
,,,,Zfhx3
,,,,Mael
,,,,Obfc2a
,,,,Cdkl2
,,,,Pgbd5
,,,,Sfxn5
,,,,Pkdcc
,,,,Smtn
,,,,Prkd3
,,,,Wnk2
,,,,Sarm1
,,,,Chrna3
,,,,Zfp229
,,,,Jakmip1
,,,,Mab21l1
,,,,Cib2
,,,,Cdyl
,,,,D2Ertd750e
,,,,Zfp354c
,,,,Akap6
,,,,Pnmal1
,,,,Dact1
,,,,2610002D18Rik
,,,,Stxbp5
,,,,B930041F14Rik
,,,,Dolk
,,,,Reep6
,,,,Acsf2
,,,,Gli2
,,,,Gabra2
,,,,Chek1
,,,,Fgfr2
,,,,Usp20
,,,,Dok5
,,,,Serpinb1b
,,,,Cenpe
,,,,Mvp
,,,,A730011L01Rik
,,,,Mypop
,,,,Cbln4
,,,,Lhfp
,,,,Hsd17b11
,,,,Pcyt1b
,,,,Slitrk1
,,,,Wdr76
,,,,Gbp2
,,,,Pcdh11x
,,,,1190003J15Rik
,,,,Tmem176b
,,,,Zfp503
,,,,Syt13
,,,,Kirrel3
,,,,Plxna3
,,,,Amigo1
,,,,Cpeb3
,,,,Cnrip1
,,,,Efna2
,,,,Rab3b
,,,,Rfx4
,,,,6720463M24Rik
,,,,Gabra1
,,,,Zfp936
,,,,Qser1
,,,,Zfp217
,,,,Abca5
,,,,Slc1a1
,,,,Rasgrf1
,,,,Celsr2
,,,,Fam111a
,,,,Mtbp
,,,,AU040320
,,,,Dpp10
,,,,Tspan8
,,,,Kcnip1
,,,,Nradd
,,,,Cuedc1
,,,,Ret
,,,,Trip6
,,,,Zfp768
,,,,Hs3st5
,,,,Dnd1
,,,,Ptpn9
,,,,Mgmt
,,,,Trim71
,,,,Lama5
,,,,Itga3
,,,,Syt5
,,,,Zic5
,,,,Npnt
,,,,Syn3
,,,,2610036A22Rik
,,,,Six1
,,,,Slc6a9
,,,,Hist1h1c
,,,,Tanc2
,,,,Sox3
,,,,Parvb
,,,,N4bp2l1
,,,,Ccdc99
,,,,Igf1r
,,,,Adarb1
,,,,Gdf11
,,,,Pknox2
,,,,Amot
,,,,Itgb5
,,,,Ssbp2
,,,,Alkbh2
,,,,1110003O08Rik
,,,,Chd1l
,,,,Fam131b
,,,,Phf1
,,,,Sema5a
,,,,6230409E13Rik
,,,,Mfsd6
,,,,Pan2
,,,,Slc6a1
,,,,Aim2
,,,,Magt1
,,,,Cenpw
,,,,Nr1d2
,,,,Rbfox3
,,,,AC156630.1
,,,,Pou6f1
,,,,Cyr61
,,,,Ttc9
,,,,Helb
,,,,St8sia3
,,,,Myt1l
,,,,Paqr4
,,,,St6gal1
,,,,Ccdc106
,,,,Brca1
,,,,Gstm2
,,,,Ndrg2
,,,,Slmo1
,,,,Kcnc4
,,,,Hoxa1
,,,,Nefm
,,,,Tmtc1
,,,,Pogk
,,,,Afap1
,,,,Stk32b
,,,,Tagln
,,,,Cxcr7
,,,,Arhgap36
,,,,Kif15
,,,,S1pr2
,,,,Creb3l2
,,,,Chd7
,,,,Psd2
,,,,C85492
,,,,Mpp3
,,,,Urgcp
,,,,Cbln1
,,,,Nav1
,,,,Cdca7l
,,,,Fbxo41
,,,,Srr
,,,,Fancd2
,,,,Ccdc85a
,,,,Mcam
,,,,Hsd11b2
,,,,Nhlh1
,,,,Eme1
,,,,Cbx2
,,,,Gm88
,,,,Zfp808
,,,,C79407
,,,,Neurog1
,,,,Cnnm1
,,,,Them4
,,,,Tom1l1
,,,,Llgl2
,,,,Vps37d
,,,,Nrm
,,,,Trim9
,,,,Atp2b3
,,,,Mras
,,,,Stambp
,,,,Pax8
,,,,Samhd1
,,,,Sox15
,,,,Zfp568
,,,,Pvalb
,,,,Mpeg1
,,,,Gpsm2
,,,,Cnr1
,,,,Ptpn2
,,,,AC020968.2
,,,,Kif4
,,,,Ttll7
,,,,Magi3
,,,,Fgf11
,,,,Shank1
,,,,Ier3
,,,,Sohlh2
,,,,Pecam1
,,,,BC029214
,,,,Manba
,,,,Snap23
,,,,Bace1
,,,,Dscam
,,,,Shkbp1
,,,,Cntnap2
,,,,Sufu
,,,,Lcor
,,,,Prom1
,,,,Ppfia2
,,,,Nr4a1
,,,,Tox2
,,,,Cenpn
,,,,Flrt3
,,,,Dchs1
,,,,Rod1
,,,,Dlc1
,,,,Erf
,,,,Frrs1
,,,,Rem2
,,,,Gstt2
,,,,Mmp15
,,,,Nfil3
,,,,Dnajc18
,,,,Zfp110
,,,,Hoxa4
,,,,Ccdc80
,,,,Slc39a3
,,,,Gm672
,,,,Dgkk
,,,,Rnf24
,,,,Pgap1
,,,,Notum
,,,,Ifngr2
,,,,Smarca2
,,,,Irgq
,,,,Gdpd5
,,,,Inpp4a
,,,,Dach1
,,,,Faim2
,,,,Shq1
,,,,Slc12a7
,,,,Tmem91
,,,,Inpp5j
,,,,Gpr137c
,,,,Socs5
,,,,Gdf3
,,,,8430406I07Rik
,,,,Rnf122
,,,,2610002M06Rik
,,,,Wtip
,,,,Dna2
,,,,Col6a2
,,,,Txndc16
,,,,Sh3pxd2b
,,,,Plcb1
,,,,4-Sep
,,,,Gm5151
,,,,Plcg2
,,,,Abhd14a
,,,,Gpr124
,,,,Dpp6
,,,,Pla2g12a
,,,,Hexim2
,,,,Arhgap11a
,,,,Crim1
,,,,Gbx2
,,,,Pdzrn3
,,,,Nr2f2
,,,,Cds1
,,,,Ranbp6
,,,,Cldn7
,,,,Hcn3
,,,,Ephb2
,,,,Zfp629
,,,,Lpin2
,,,,Dock6
,,,,Eras
,,,,Rcan3
,,,,Lmbrd1
,,,,Dbndd1
,,,,Fam131a
,,,,Cep192
,,,,Ppm1h
,,,,Slc36a1
,,,,Ablim2
,,,,Phactr1
,,,,Aig1
,,,,Olfm3
,,,,Foxh1
,,,,Rundc3b
,,,,Clp1
,,,,Pou3f2
,,,,Rras
,,,,Ccrn4l
,,,,Gm14401
,,,,Pycard
,,,,Egfl7
,,,,Gria3
,,,,Zfp811
,,,,Rpl10l
,,,,Hoxc5
,,,,Erc2
,,,,BC068157
,,,,Dll1
,,,,Nfatc3
,,,,Pole2
,,,,Ank1
,,,,Cenpp
,,,,Itgb7
,,,,Tet3
,,,,Gkn1
,,,,Spry4
,,,,Reep4
,,,,Asb4
,,,,Maneal
,,,,Vamp8
,,,,Rimkla
,,,,Arid3b
,,,,Sgsm1
,,,,Clvs1
,,,,Tada1
,,,,N4bp3
,,,,Gria1
,,,,Zfp296
,,,,Dok4
,,,,Fam171a1
,,,,Vstm2b
,,,,Sema6b
,,,,Tmem179
,,,,Vnn1
,,,,Nova2
,,,,Tgif2
,,,,Scn8a
,,,,Hoxa3
,,,,Haus3
,,,,Tbc1d24
,,,,Lsamp
,,,,9030425E11Rik
,,,,Plscr1
,,,,Cpeb2
,,,,Zfyve21
,,,,Pde4a
,,,,Ppfia4
,,,,Gprc5b
,,,,Atrnl1
,,,,Cdh18
,,,,Sv2c
,,,,Tmem180
,,,,Lrrc49
,,,,Coro1a
,,,,Ltbp4
,,,,Slc35f2
,,,,Nr1d1
,,,,Pkp2
,,,,Trim67
,,,,Bag3
,,,,Hoxa2
,,,,Hist3h2a
,,,,Bcam
,,,,Tmem163
,,,,Pir
,,,,Fanci
,,,,Pmp22
,,,,Sall2
,,,,Adam22
,,,,Nkiras1
,,,,Prkce
,,,,Ctdsp1
,,,,Letmd1
,,,,Sh2d3c
,,,,A630089N07Rik
,,,,Fam131c
,,,,Jam2
,,,,Katnal1
,,,,Pura
,,,,Slc24a2
,,,,Efnb1
,,,,Emid2
,,,,Cyp46a1
,,,,Prrx1
,,,,Utrn
,,,,Eml1
,,,,Chtf18
,,,,Dnajc12
,,,,Lrp5
,,,,Igsf21
,,,,Sema4g
,,,,Kcnk5
,,,,Lrfn5
,,,,Dock3
,,,,Tspan18
,,,,Lrrn2
,,,,Nfasc
,,,,Actr3b
,,,,Prelid2
,,,,Clcn5
,,,,Tfpi
,,,,Blm
,,,,Ppp1r13b
,,,,Fzd2
,,,,Chst10
,,,,F11r
,,,,Car4
,,,,Plin2
,,,,Plxnb1
,,,,Klf3
,,,,Lactb2
,,,,Cep78
,,,,Jakmip2
,,,,Frs3
,,,,Lbp
,,,,Ints7
,,,,Itga6
,,,,S1pr3
,,,,9330159F19Rik
,,,,Tspo
,,,,Hoxd3
,,,,2010107G23Rik
,,,,Arrb1
,,,,Ano10
,,,,Zfp36l2
,,,,Haus4
,,,,Ppm1l
,,,,Lepre1
,,,,Hes1
,,,,Sgcb
,,,,Fam84a
,,,,Foxm1
,,,,Oprl1
,,,,Trio
,,,,Chrnb2
,,,,Ccdc21
,,,,Sgol2
,,,,Nrsn2
,,,,Neto2
,,,,Adcyap1r1
,,,,Col6a1
,,,,Ankrd34b
,,,,Dtx1
,,,,Slc25a14
,,,,Bai1
,,,,Apoc1
,,,,Tcfl5
,,,,Aff1
,,,,Hoxd4
,,,,N28178
,,,,Cgref1
,,,,Dpf1
,,,,Ano8
,,,,St14
,,,,Crtac1
,,,,Gm16039
,,,,Spire2
,,,,Tceal6
,,,,Slc39a4
,,,,Ecm1
,,,,Lhx5
,,,,Lamb2
,,,,Gripap1
,,,,Ttyh1
,,,,Hspbap1
,,,,Nipa1
,,,,1300018I17Rik
,,,,Slc6a15
,,,,Kcnd2
,,,,Atrn
,,,,Ttf2
,,,,Rap1gap2
,,,,Rpsa
,,,,Slc8a2
,,,,Clip4
,,,,Nacc2
,,,,F630043A04Rik
,,,,Slc7a14
,,,,2810474O19Rik
,,,,Rltpr
,,,,1700029F09Rik
,,,,Zbtb4
,,,,Ly6g6e
,,,,Pcdh17
,,,,Esrrg
,,,,Fmr1nb
,,,,Nkain4
,,,,Slc36a4
,,,,Cdh10
,,,,1190007I07Rik
,,,,Pax3
,,,,Pecr
,,,,Pak4
,,,,Nmnat2
,,,,Agap1
,,,,Ggt7
,,,,Rnf17
,,,,Dmxl2
,,,,Plcxd2
,,,,Mark1
,,,,Fam155a
,,,,Shd
,,,,Abcg2
,,,,Tcf7l1
,,,,Thsd7a
,,,,Lsm11
,,,,B4galt1
,,,,Slc22a23
,,,,Mif4gd
,,,,E2f5
,,,,Fam19a2
,,,,Pou4f1
,,,,Zbtb8a
,,,,Chek2
,,,,Zdhhc1
,,,,Stac2
,,,,Shcbp1
,,,,Phf16
,,,,Gng4
,,,,Enpp3
,,,,Prdm5
,,,,Pawr
,,,,Etl4
,,,,Nacad
,,,,Slc35f1
,,,,Stk39
,,,,Zfhx4
,,,,2410141K09Rik
,,,,H2-Q7
,,,,Sema6d
,,,,Spns2
,,,,Dnajb4
,,,,Gmpr
,,,,Reep3
,,,,Tcfap2b
,,,,C330027C09Rik
,,,,Chst15
,,,,Dera
,,,,Kank2
,,,,Ooep
,,,,Rgs7bp
,,,,Nxph4
,,,,Efha2
,,,,Rad50
,,,,Ebf1
,,,,Hoxb4
,,,,Ckap2l
,,,,Mkrn3
,,,,Dlgap3
,,,,Foxo4
,,,,Cyfip1
,,,,Fstl5
,,,,4930431F12Rik
,,,,Fam69a
,,,,Mre11a
,,,,B230217C12Rik
,,,,Ncoa7
,,,,Gnaz
,,,,G2e3
,,,,Asphd2
,,,,Tub
,,,,Rasgrp2
,,,,Nrp1
,,,,Rprm
,,,,Zfp703
,,,,F2rl1
,,,,Npl
,,,,D3Bwg0562e
,,,,Gm13212
,,,,Prmt8
,,,,Dync1i1
,,,,Slc6a5
,,,,Ecel1
,,,,AC131675.1
,,,,Galntl1
,,,,Nxt2
,,,,Xpo4
,,,,Pnp
,,,,2310014H01Rik
,,,,Wscd1
,,,,Ctnnal1
,,,,Gm8113
,,,,Rims3
,,,,Ptprd
,,,,Sybu
,,,,Trim46
,,,,Chd5
,,,,Nek2
,,,,Gjd2
,,,,Spsb4
,,,,Chac1
,,,,Stxbp2
,,,,Lphn3
,,,,Kif18b
,,,,Cyba
,,,,Lef1
,,,,Bmp1
,,,,Cpt1a
,,,,Gad2
,,,,Acvr2a
,,,,Ica1
,,,,Msx3
,,,,Ccdc86
,,,,Smarcd3
,,,,Pax6
,,,,Sez6l
,,,,Dnm3
,,,,Nuf2
,,,,Arnt
,,,,Acads
,,,,Efna3
,,,,Nrcam
,,,,Plcb3
,,,,Nptx2
,,,,Vamp4
,,,,Dact3
,,,,Klf5
,,,,Cenpf
,,,,Timeless
,,,,Cdh8
,,,,Snx16
,,,,Dyrk3
,,,,X99384
,,,,Krt19
,,,,Lrp12
,,,,Mgat5
,,,,Tnfrsf12a
,,,,Iqsec3
,,,,Rapgef4
,,,,Zfp640
,,,,Extl2
,,,,Tgfbi
,,,,Agpat3
,,,,Hmg20b
,,,,Cask
,,,,Serping1
,,,,Gatsl2
,,,,Rnaseh2b
,,,,Hspa4l
,,,,Psd3
,,,,6430598A04Rik
,,,,Nt5dc3
,,,,Zdhhc17
,,,,Lrrc24
,,,,Mapk10
,,,,Tnik
,,,,Slc9a3r2
,,,,Litaf
,,,,Rab39b
,,,,Ydjc
,,,,Tceal5
,,,,Socs2
,,,,Phf2
,,,,Trip10
,,,,Igsf9
,,,,Gm13247
,,,,Atp8a1
,,,,Arrdc4
,,,,AU018091
,,,,Capn6
,,,,4930402H24Rik
,,,,Cadm2
,,,,Dci
,,,,Adamts9
,,,,Rad54l
,,,,Pgm2l1
,,,,C530008M17Rik
,,,,Gfpt2
,,,,Gltp
,,,,Lrrc16b
,,,,Pola1
,,,,Chrna4
,,,,Tmem90b
,,,,Gabbr2
,,,,Lsr
,,,,Agtpbp1
,,,,Gm10308
,,,,Laptm5
,,,,Camta2
,,,,Ppm1e
,,,,Tshz2
,,,,Nmral1
,,,,Gm98
,,,,Rgs7
,,,,Tmem9b
,,,,Dtl
,,,,Ednrb
,,,,Ptp4a3
,,,,Apitd1
,,,,Spag5
,,,,Zadh2
,,,,Zfp7
,,,,Suclg2
,,,,Hoxb7
,,,,Pou3f3
,,,,St3gal5
,,,,Orc1
,,,,Mylpf
,,,,Smpd3
,,,,Gm13154
,,,,Pltp
,,,,Oip5
,,,,Slc1a5
,,,,Fcho1
,,,,Slc32a1
,,,,Ndc80
,,,,Bmi1
,,,,Rras2
,,,,Mycl1
,,,,Rpl39l
,,,,Dcn
,,,,Triml1
,,,,CT030640.1
,,,,Uncx
,,,,Tmem181b-ps
,,,,Adam11
,,,,Bai2
,,,,Trip13
,,,,Cmtm6
,,,,Mgat5b
,,,,Gm7125
,,,,Cdca4
,,,,Golga7b
,,,,Flnb
,,,,Gstm7
,,,,Cdk2
,,,,Zfp961
,,,,Tceal3
,,,,Pitpnm1
,,,,Rab33a
,,,,Lix1l
,,,,Armcx6
,,,,Mbtd1
,,,,Ttbk2
,,,,Boc
,,,,Alpl
,,,,Rrp1b
,,,,Lrp11
,,,,Klhl23
,,,,Nceh1
,,,,2310022B05Rik
,,,,Mblac2
,,,,Ypel4
,,,,Lhfpl4
,,,,Zic1
,,,,Pnck
,,,,Nrp2
,,,,Gnas
,,,,Plekho1
,,,,Cdc6
,,,,Prrt2
,,,,Gabra3
,,,,Pcdh10
,,,,Plxna2
,,,,Aldh5a1
,,,,Coro6
,,,,Sgtb
,,,,BC055324
,,,,Asb13
,,,,Plekhf2
,,,,Ss18l1
,,,,Acap3
,,,,D14Ertd668e
,,,,Mfsd10
,,,,Pbk
,,,,Pros1
,,,,Gabrb2
,,,,Fbln1
,,,,Cobl
,,,,Tgm2
,,,,Zfp362
,,,,Cacnb1
,,,,Pcdh7
,,,,Tdrd12
,,,,6530401D17Rik
,,,,Jph4
,,,,Lrp3
,,,,Rnft2
,,,,Tmem151a
,,,,Tmem35
,,,,Cep55
,,,,Runx1t1
,,,,Mcm10
,,,,Jam3
,,,,Epdr1
,,,,Dctd
,,,,Hs6st2
,,,,Psmc3ip
,,,,Snph
,,,,Stra6
,,,,Mtap9
,,,,Asphd1
,,,,Mettl5
,,,,Lhfpl2
,,,,Kcnq2
,,,,Zdhhc22
,,,,Unc13a
,,,,Asf1b
,,,,Cthrc1
,,,,Large
,,,,Hmgn5
,,,,St6galnac6
,,,,Nfe2l2
,,,,Ncan
,,,,Hapln4
,,,,Ttk
,,,,Fblim1
,,,,Polr3g
,,,,Mid1
,,,,Nodal
,,,,Gjc1
,,,,Tsc22d3
,,,,Soat1
,,,,Gm5567
,,,,Efnb3
,,,,Ulk2
,,,,Gm13152
,,,,Myl6b
,,,,Wdhd1
,,,,Gpx8
,,,,Arhgef9
,,,,Lrrn3
,,,,Gnal
,,,,Add2
,,,,Cpeb4
,,,,Tspan17
,,,,Fn3k
,,,,2410066E13Rik
,,,,Gcat
,,,,Ifrd2
,,,,4930572J05Rik
,,,,Polr1b
,,,,Mtfr1
,,,,Cd47
,,,,Ddah1
,,,,Nedd9
,,,,Trim2
,,,,Ngfr
,,,,2700089E24Rik
,,,,Cdc25b
,,,,Scn2a1
,,,,Nrxn1
,,,,Zscan10
,,,,Fbll1
,,,,Ntm
,,,,Epha5
,,,,Lrrtm1
,,,,Ctnnd2
,,,,Tns3
,,,,Adcy2
,,,,Cerk
,,,,Frmd4a
,,,,Fam73b
,,,,Stra8
,,,,Nat8l
,,,,Wls
,,,,Gphn
,,,,Abcc4
,,,,Isg20l2
,,,,Herc3
,,,,Fkbp10
,,,,Grb7
,,,,Epas1
,,,,Etv4
,,,,Igdcc3
,,,,Lass6
,,,,Stox2
,,,,Htr2c
,,,,Panx2
,,,,Rbp4
,,,,Robo1
,,,,Gria4
,,,,Gpbp1l1
,,,,Nlrp1a
,,,,Snx25
,,,,Wasf2
,,,,Inpp5d
,,,,Nipal3
,,,,Nudt1
,,,,Nup160
,,,,Npy
,,,,Hebp1
,,,,Gfra1
,,,,Cyb561
,,,,Cldn6
,,,,Hk2
,,,,Mpp2
,,,,P4htm
,,,,Gpr56
,,,,Wdr47
,,,,Begain
,,,,Kcnh2
,,,,Sip1
,,,,Cd276
,,,,Pcgf6
,,,,Jph3
,,,,Gria2
,,,,Pard6a
,,,,Epb4.9
,,,,Tesk1
,,,,Nxt1
,,,,Reln
,,,,Ppfia3
,,,,Mtfp1
,,,,Efr3b
,,,,Echdc2
,,,,6030419C18Rik
,,,,Endod1
,,,,Arhgef4
,,,,Apba2
,,,,Plod2
,,,,Sirpa
,,,,Ppip5k1
,,,,Nup62cl
,,,,Jazf1
,,,,Acadl
,,,,Robo2
,,,,Gabpa
,,,,Fkbp1b
,,,,Chaf1a
,,,,Sfxn3
,,,,Rgma
,,,,Prkcb
,,,,Mina
,,,,Acy1
,,,,Nbea
,,,,Mex3b
,,,,Pik3r1
,,,,Kcnc1
,,,,Qsox1
,,,,Edil3
,,,,Apc2
,,,,Pim1
,,,,Fndc4
,,,,Shroom2
,,,,Tox3
,,,,Sp1
,,,,H2-K1
,,,,Cdc45
,,,,Homer3
,,,,Ogfod1
,,,,Cmtm7
,,,,Prim2
,,,,AI836003
,,,,Ptgr1
,,,,Usp1
,,,,Ankrd13d
,,,,Rbm38
,,,,Sema6c
,,,,Bcl11a
,,,,Cldn4
,,,,Pam
,,,,Dmrt1
,,,,Nt5m
,,,,Mthfd1l
,,,,Celf5
,,,,Icam1
,,,,Wapal
,,,,Gtsf1l
,,,,Zfp960
,,,,Gata4
,,,,Vash2
,,,,Pdxk
,,,,Snrk
,,,,Zfp125
,,,,Loxl2
,,,,Brms1
,,,,Smo
,,,,Tyms
,,,,Cx3cl1
,,,,Crtap
,,,,A230050P20Rik
,,,,Pde1b
,,,,Col5a1
,,,,Melk
,,,,Gm13157
,,,,Fgf4
,,,,Shc1
,,,,Rab11fip4
,,,,Wdr7
,,,,Tgfbr1
,,,,Nrsn1
,,,,Lonrf2
,,,,Accn2
,,,,Lin7b
,,,,Fam171b
,,,,Alcam
,,,,Fgb
,,,,Zwilch
,,,,Tmem106b
,,,,B3galnt1
,,,,Ncaph
,,,,Astn1
,,,,Lingo1
,,,,Tulp4
,,,,Gins1
,,,,Ramp3
,,,,Kcnk1
,,,,Grik5
,,,,Fignl1
,,,,Rarb
,,,,Mov10
,,,,Mki67
,,,,Ntrk2
,,,,Lmo4
,,,,Kctd15
,,,,Morc1
,,,,Rbmx
,,,,Os9
,,,,Myo10
,,,,Nras
,,,,Jub
,,,,Ncrna00086
,,,,Ncapg
,,,,Rwdd2a
,,,,Slc8a1
,,,,Gpm6b
,,,,3110082I17Rik
,,,,Zswim4
,,,,Fbxo2
,,,,Fgf12
,,,,Pcdh9
,,,,Yjefn3
,,,,Fam70a
,,,,Cacna2d2
,,,,Heatr1
,,,,Kif20b
,,,,Rai14
,,,,Epb4.1l2
,,,,Xpr1
,,,,Abca3
,,,,Skp2
,,,,Nrbp2
,,,,Clip2
,,,,Kit
,,,,Cartpt
,,,,Arhgap19
,,,,Tmem98
,,,,Sall4
,,,,Mnd1
,,,,Smc2
,,,,Aak1
,,,,Plat
,,,,Atg9a
,,,,Ablim3
,,,,Tcf15
,,,,Psd
,,,,Stau2
,,,,Rbfox1
,,,,Skor1
,,,,Mmd
,,,,Igf2bp3
,,,,Kif23
,,,,Rad51
,,,,Iqgap1
,,,,5730507C01Rik
,,,,Rgs2
,,,,Fos
,,,,Tmem2
,,,,Tppp
,,,,Lass1
,,,,Cenph
,,,,Tacc3
,,,,Hdac1
,,,,Mmp24
,,,,Ckap2
,,,,Tmem123
,,,,Epha3
,,,,Topbp1
,,,,Trim25
,,,,2610318N02Rik
,,,,Fpgs
,,,,Pik3r3
,,,,Tmcc2
,,,,Slc25a12
,,,,Dcc
,,,,Myl9
,,,,Madd
,,,,Zfp710
,,,,Cplx2
,,,,Clec2l
,,,,Foxp4
,,,,Krt18
,,,,Negr1
,,,,Arhgef7
,,,,Lbx1
,,,,Dtd1
,,,,Panx1
,,,,Ap3m2
,,,,Cited1
,,,,Slc24a3
,,,,Haus1
,,,,Zdhhc12
,,,,Efemp2
,,,,Aatk
,,,,Rdm1
,,,,Trim59
,,,,Cdk14
,,,,Serpina3n
,,,,Ebf3
,,,,Mdc1
,,,,Prosapip1
,,,,Arl4c
,,,,Fam125b
,,,,Slc17a6
,,,,Caskin1
,,,,Auts2
,,,,Zer1
,,,,Fst
,,,,Gabra5
,,,,Lrwd1
,,,,Srgap3
,,,,Cyp26b1
,,,,Ccdc92
,,,,Pdgfra
,,,,Srxn1
,,,,Syn2
,,,,Nelf
,,,,Nap1l3
,,,,Tet1
,,,,Tcfap2a
,,,,Sema4c
,,,,Usp29
,,,,Gemin6
,,,,Ccdc28b
,,,,Pipox
,,,,Tmem22
,,,,Atf1
,,,,Slc9a3r1
,,,,Rest
,,,,Tmem229b
,,,,Ank2
,,,,Ppih
,,,,Syt3
,,,,Camkk1
,,,,Llgl1
,,,,Cntfr
,,,,Hspa12a
,,,,2610027L16Rik
,,,,AC167669.3
,,,,Ormdl2
,,,,1-Sep
,,,,4930506M07Rik
,,,,Postn
,,,,4930470H14Rik
,,,,Esco2
,,,,Pcdha1
,,,,Scn1a
,,,,Ddx25
,,,,Rbmxl2
,,,,Stag3
,,,,Stx1a
,,,,Blvrb
,,,,Svop
,,,,Rhebl1
,,,,C630004H02Rik
,,,,Kcnab2
,,,,C530028O21Rik
,,,,Msl3
,,,,6330407J23Rik
,,,,Pcgf5
,,,,Ank
,,,,Ncam2
,,,,Bcl2l2
,,,,Gba2
,,,,Igf2bp1
,,,,Nup205
,,,,Ptk7
,,,,Cspg5
,,,,Plin3
,,,,Nde1
,,,,Impa2
,,,,Atad2
,,,,Dab2
,,,,Tmem145
,,,,Gdap1
,,,,Nrn1
,,,,5930434B04Rik
,,,,Igf2bp2
,,,,Sgip1
,,,,Gpr162
,,,,Gabrb3
,,,,Fzd7
,,,,AI314976
,,,,Slc25a13
,,,,Ube2e2
,,,,Plp2
,,,,Gdap1l1
,,,,B4galnt1
,,,,Crlf3
,,,,Gatsl3
,,,,Chl1
,,,,Epha2
,,,,Cenpt
,,,,Irf1
,,,,Mxd4
,,,,Dppa2
,,,,Clcn4-2
,,,,Dnajb2
,,,,B3gnt7
,,,,Agap2
,,,,Rab11fip5
,,,,Nr0b1
,,,,Lmtk3
,,,,Elmod1
,,,,Lhx1
,,,,Fbxo5
,,,,Mcf2l
,,,,Phyhipl
,,,,Yap1
,,,,Pim2
,,,,Daam1
,,,,Cygb
,,,,Trim3
,,,,Myo1b
,,,,Timp1
,,,,Pdzd4
,,,,Crip2
,,,,Psmb10
,,,,Dnajc6
,,,,Hoxa6
,,,,Spc24
,,,,Cxx1a
,,,,Anxa5
,,,,Habp4
,,,,Smagp
,,,,Kif2c
,,,,Hdgfrp3
,,,,Ss18
,,,,Adcy1
,,,,Cep170
,,,,Fzd10
,,,,Necab2
,,,,Lrrn1
,,,,Smpd1
,,,,Arnt2
,,,,1110051M20Rik
,,,,Car10
,,,,Gsk3b
,,,,Glra1
,,,,Fam19a5
,,,,St8sia2
,,,,Lefty1
,,,,Pak3
,,,,Golm1
,,,,Car2
,,,,Sfn
,,,,Dnajc27
,,,,Meis3
,,,,Rusc1
,,,,AI413582
,,,,Hddc3
,,,,Exosc8
,,,,Spink3
,,,,Phf17
,,,,Epb4.1
,,,,Susd4
,,,,Ppp1r1a
,,,,Vamp3
,,,,Dlgap5
,,,,Tmem38a
,,,,Ankrd13b
,,,,Prim1
,,,,Kdelr3
,,,,Rbp1
,,,,Gdpd1
,,,,Kif21a
,,,,Mpzl1
,,,,Ptpn5
,,,,Ube2h
,,,,Exosc3
,,,,Anxa11
,,,,Samd10
,,,,Anln
,,,,2610305D13Rik
,,,,Tcf7
,,,,Rtn2
,,,,Snx32
,,,,Trim6
,,,,Vstm2a
,,,,Pla2g1b
,,,,Sulf1
,,,,Hmbs
,,,,Tmem127
,,,,Glipr2
,,,,Cenpm
,,,,Trib2
,,,,Nova1
,,,,Lrrc4b
,,,,Gpsm1
,,,,Slc16a1
,,,,Tshz1
,,,,Lin28a
,,,,Zfp358
,,,,B3gat1
,,,,Gprin1
,,,,Zic3
,,,,Ncs1
,,,,Pold1
,,,,Gad1
,,,,Ube2t
,,,,Fam69b
,,,,Kifc1
,,,,Brsk2
,,,,Phc2
,,,,Gas6
,,,,Ptprn2
,,,,Atp2b2
,,,,Fam64a
,,,,Raver1
,,,,Iqsec1
,,,,Ddr1
,,,,Umps
,,,,Ppat
,,,,Map3k10
,,,,Cib1
,,,,Klf4
,,,,Crip1
,,,,Sez6
,,,,Hsd17b14
,,,,Nqo1
,,,,Mfap2
,,,,Zmiz1
,,,,Fgf13
,,,,Armcx3
,,,,Ncald
,,,,Dcun1d4
,,,,Trp53inp1
,,,,Aurkb
,,,,Actl6b
,,,,E130012A19Rik
,,,,Gramd1a
,,,,Eml2
,,,,Fkbp5
,,,,Dbc1
,,,,Nap1l2
,,,,Rab3c
,,,,Rgs4
,,,,Phlda2
,,,,Mgat3
,,,,Epm2aip1
,,,,Ube2j1
,,,,Klf9
,,,,Tjp2
,,,,Ralyl
,,,,Gnai1
,,,,Msn
,,,,Dvl3
,,,,Cmtm3
,,,,Hcn2
,,,,Bdh1
,,,,Ppie
,,,,B630019K06Rik
,,,,6330439K17Rik
,,,,Fam57b
,,,,Tmod2
,,,,Fen1
,,,,Crabp2
,,,,Dusp9
,,,,Ucp2
,,,,Camta1
,,,,Pop1
,,,,Cd99l2
,,,,Cacng4
,,,,6330527O06Rik
,,,,Me2
,,,,Pdlim1
,,,,Cnn2
,,,,Myt1
,,,,Trnp1
,,,,Cacnb3
,,,,Wfdc2
,,,,Gnb5
,,,,2610017I09Rik
,,,,Ung
,,,,Pcsk2
,,,,Rpa3
,,,,Pnpo
,,,,Ctdsp2
,,,,Rcor2
,,,,Dusp8
,,,,Ccnd1
,,,,Sfrp1
,,,,Hmmr
,,,,Srcin1
,,,,Syngr2
,,,,Bcat2
,,,,Rph3a
,,,,Nup107
,,,,2810432L12Rik
,,,,Slc6a17
,,,,Mreg
,,,,Hoxc6
,,,,Spock1
,,,,Rps6ka1
,,,,Rfc4
,,,,P4ha2
,,,,Serp2
,,,,Apba1
,,,,Myh9
,,,,Hjurp
,,,,Gnaq
,,,,Dzip1
,,,,Meis1
,,,,Fbxo44
,,,,Vstm2l
,,,,Cdca5
,,,,Qk
,,,,Nr2f1
,,,,Tcea3
,,,,Ctnna2
,,,,Hs3st1
,,,,Scrt1
,,,,Ect2
,,,,Spnb3
,,,,Rhoc
,,,,Cntn2
,,,,Ccl27a
,,,,Dhrs3
,,,,Rrp15
,,,,Tcof1
,,,,Ctsz
,,,,Wdr13
,,,,Acox1
,,,,Klf10
,,,,Mast1
,,,,Camk2d
,,,,Fam171a2
,,,,Diras1
,,,,Pprc1
,,,,Snca
,,,,Acp6
,,,,Pola2
,,,,Tbc1d9
,,,,Cdca3
,,,,Mtss1l
,,,,Tpm3
,,,,Mtmr7
,,,,Spag9
,,,,Zic2
,,,,S100a10
,,,,Acsl6
,,,,Sncg
,,,,Gas1
,,,,Slc7a3
,,,,Utp14a
,,,,2410127L17Rik
,,,,Rcn3
,,,,Rif1
,,,,Slc25a23
,,,,Ap3b2
,,,,Sec11c
,,,,Cd200
,,,,Rnf11
,,,,Parp6
,,,,Col5a2
,,,,Kif21b
,,,,Mageh1
,,,,Ccdc58
,,,,6330403K07Rik
,,,,Nme4
,,,,Tax1bp3
,,,,Espl1
,,,,Syt2
,,,,Nup188
,,,,Ppp2r2b
,,,,Cbx7
,,,,Spock3
,,,,Sh3bp5
,,,,Elovl4
,,,,Sall1
,,,,Rarg
,,,,Id1
,,,,Gadd45a
,,,,Scn3b
,,,,Nxn
,,,,Nicn1
,,,,Xrcc6
,,,,6430548M08Rik
,,,,Cdh11
,,,,Arhgdig
,,,,Dusp4
,,,,Tom1l2
,,,,Sirt3
,,,,Scn2b
,,,,Pnmal2
,,,,Bin1
,,,,Slc27a4
,,,,Hoxa7
,,,,Tpx2
,,,,Synj1
,,,,Mfn2
,,,,Rpl12
,,,,Kif3c
,,,,Auh
,,,,Gins2
,,,,Stx3
,,,,Lefty2
,,,,Hoxa5
,,,,Fam169a
,,,,Hoxc4
,,,,Gm10237
,,,,Tac1
,,,,Gm10323
,,,,Gm13242
,,,,Ssbp1
,,,,Nusap1
,,,,Msi1
,,,,Fbxl16
,,,,Cdk5
,,,,Cdh13
,,,,Pth1r
,,,,Hoxb3
,,,,Celf3
,,,,Disp2
,,,,Bub1
,,,,Nup37
,,,,Xrcc5
,,,,Gar1
,,,,Cntnap1
,,,,Tk1
,,,,Gpx2
,,,,Arhgap33
,,,,Arhgap44
,,,,Haghl
,,,,Gnpda1
,,,,2900073G15Rik
,,,,Arpc1b
,,,,Fbxo15
,,,,Nrxn2
,,,,Fyn
,,,,Blcap
,,,,Dpysl2
,,,,Kif11
,,,,Igf2r
,,,,Zrsr1
,,,,Evi5l
,,,,AW551984
,,,,Dync1li2
,,,,D16H22S680E
,,,,Spc25
,,,,Ccnd2
,,,,Gadd45g
,,,,BC048355
,,,,Prkar2b
,,,,BC018242
,,,,2310028H24Rik
,,,,Brp44
,,,,Tcf12
,,,,Ifi30
,,,,Nup43
,,,,Pml
,,,,Aldh2
,,,,Pdxp
,,,,Nid1
,,,,Pfkp
,,,,Kifc2
,,,,Cxadr
,,,,Epb4.1l1
,,,,Cdk5r1
,,,,Ogdhl
,,,,Pax2
,,,,Kif22
,,,,Omg
,,,,Serf1
,,,,Eif2d
,,,,Nhlh2
,,,,Cdh2
,,,,Acot13
,,,,Iglon5
,,,,Eed
,,,,Scrn1
,,,,Terf1
,,,,Limk1
,,,,Reep2
,,,,Sdc4
,,,,Slc38a4
,,,,Vopp1
,,,,Rpl9
,,,,Purb
,,,,Ak1
,,,,Gm10695
,,,,Krt8
,,,,Cdk1
,,,,Rbm4b
,,,,Gja1
,,,,Syce2
,,,,Gfap
,,,,Mapre3
,,,,Dhx16
,,,,Dclk1
,,,,Mtf2
,,,,Chaf1b
,,,,Atat1
,,,,Pink1
,,,,Ezh2
,,,,Smc3
,,,,Zfp36l1
,,,,AC114648.1
,,,,Gpx3
,,,,B3gnt1
,,,,Olfm2
,,,,Vsnl1
,,,,Klf2
,,,,Fkbp9
,,,,Pacsin1
,,,,Gmnn
,,,,1110008P14Rik
,,,,Tcf3
,,,,Lphn1
,,,,Amph
,,,,Adam23
,,,,Kidins220
,,,,Atcay
,,,,Kif1b
,,,,Hadh
,,,,Smc4
,,,,Prc1
,,,,Hn1l
,,,,Ncam1
,,,,Csdc2
,,,,Ppic
,,,,AL844854.1
,,,,Hoxb2
,,,,Syt4
,,,,Smarcc2
,,,,Rasl10b
,,,,2810417H13Rik
,,,,Atp1b2
,,,,Gm13225
,,,,Gm10093
,,,,Mex3a
,,,,Lgi2
,,,,Tgif1
,,,,Spint2
,,,,Ddit3
,,,,Dbf4
,,,,Ppp3ca
,,,,Lsm2
,,,,Samd14
,,,,Rhob
,,,,Trp53inp2
,,,,Rap1gds1
,,,,Tmem132a
,,,,2810025M15Rik
,,,,Cad
,,,,Adam10
,,,,Ppp2r5b
,,,,Dppa4
,,,,Psrc1
,,,,Tubb6
,,,,Kctd13
,,,,Socs3
,,,,Ids
,,,,L1cam
,,,,Col18a1
,,,,Mapk8ip2
,,,,Bub1b
,,,,Cdk5r2
,,,,Lbr
,,,,Bend6
,,,,Exosc5
,,,,Ppp1r9b
,,,,Dtx4
,,,,Aldh9a1
,,,,Adap1
,,,,Camk2g
,,,,Kif3a
,,,,Pid1
,,,,Flna
,,,,Gm1673
,,,,Clasp2
,,,,Slc12a5
,,,,Penk
,,,,Ncapd2
,,,,Rfc5
,,,,2900011O08Rik
,,,,Rap1gap
,,,,Cadm3
,,,,Pdk1
,,,,Phf21b
,,,,Gm7325
,,,,Scg3
,,,,Rrm1
,,,,Ppan
,,,,Timp2
,,,,Tubb4
,,,,AC142104.2
,,,,Lbh
,,,,Mtap6
,,,,Pbx1
,,,,Dnmt3b
,,,,Zfp57
,,,,Tspyl2
,,,,Kif20a
,,,,2700081O15Rik
,,,,Trap1a
,,,,Rragb
,,,,Mtap7d2
,,,,Shmt1
,,,,Cdca8
,,,,Anp32e
,,,,Apobec3
,,,,F3
,,,,Cenpa
,,,,Ier2
,,,,Ccna2
,,,,Ezr
,,,,Gng5
,,,,Hells
,,,,Sox11
,,,,Trim32
,,,,Rcan2
,,,,Sh3gl2
,,,,Bnip3
,,,,Abat
,,,,Incenp
,,,,Syt1
,,,,Tpd52
,,,,Fxyd7
,,,,Ttc9b
,,,,Hp1bp3
,,,,Plk1
,,,,Chd3
,,,,Meis2
,,,,Prmt2
,,,,Serpine2
,,,,Aurka
,,,,Fhl1
,,,,Cyfip2
,,,,Siva1
,,,,Sez6l2
,,,,Nlgn2
,,,,Atic
,,,,Rpa2
,,,,B3gat3
,,,,Slc7a7
,,,,Rcc1
,,,,Plekhb2
,,,,Sdc3
,,,,Ppp2r2c
,,,,Anxa2
,,,,Mapk8ip3
,,,,Tuba1c
,,,,Dynlt3
,,,,Rps3a
,,,,Metrn
,,,,Nudcd2
,,,,Uck2
,,,,Cdt1
,,,,Spryd3
,,,,Ctxn1
,,,,Cnih2
,,,,Otx2
,,,,Serpini1
,,,,Gkn2
,,,,Ccnf
,,,,Cdca7
,,,,Brsk1
,,,,Rnf208
,,,,Fam100b
,,,,Dlg4
,,,,Ifitm1
,,,,H2afy2
,,,,Bscl2
,,,,Fam115a
,,,,Fnbp1l
,,,,Itfg1
,,,,Tead2
,,,,Rufy3
,,,,Elavl3
,,,,H2afv
,,,,Sparcl1
,,,,Top2b
,,,,Usp28
,,,,Mab21l2
,,,,Ass1
,,,,Ttyh3
,,,,Eif4ebp2
,,,,Gtse1
,,,,Pnkd
,,,,Pim3
,,,,Id4
,,,,Vgf
,,,,Tmx4
,,,,Dtx3
,,,,Scg5
,,,,Mycn
,,,,Cltb
,,,,Rps8
,,,,Cadps
,,,,Ddit4
,,,,Ccnb2
,,,,Grin1
,,,,Slc16a3
,,,,Hk1
,,,,Ctbp2
,,,,Cox6b2
,,,,Trp53i11
,,,,Dkc1
,,,,Sycp3
,,,,Mapk9
,,,,Snrnp40
,,,,Rpl7a
,,,,Pea15a
,,,,Rbpms
,,,,Ptprn
,,,,Dnmt3l
,,,,5730403B10Rik
,,,,Fam134a
,,,,Tmem30a
,,,,Rgmb
,,,,Ddx18
,,,,Epcam
,,,,Ache
,,,,Brp44l
,,,,4931428F04Rik
,,,,Plagl1
,,,,Mad2l1
,,,,Klc2
,,,,Traf4
,,,,Mtap1a
,,,,Lynx1
,,,,Carhsp1
,,,,Galk1
,,,,Jarid2
,,,,Hmga2
,,,,Reep1
,,,,Celf4
,,,,Ppil1
,,,,Aaas
,,,,Glrb
,,,,Mcm4
,,,,Npcd
,,,,Cd9
,,,,Wdr5
,,,,Mtvr2
,,,,Zfp534
,,,,Igfbpl1
,,,,Scamp5
,,,,Epb4.1l3
,,,,S100a11
,,,,Rnd2
,,,,Napb
,,,,Scrt2
,,,,Pitpna
,,,,Ube2ql1
,,,,Podxl2
,,,,Col1a1
,,,,Rrp9
,,,,Mt3
,,,,Camk2b
,,,,Pcsk1n
,,,,Mthfd1
,,,,Lima1
,,,,Sgk1
,,,,Cntn1
,,,,Hdac11
,,,,Isyna1
,,,,Fstl1
,,,,Ddx21
,,,,Esrrb
,,,,Nid2
,,,,Gabbr1
,,,,Ak2
,,,,Pttg1
,,,,Aqp8
,,,,Hoxb6
,,,,Alg2
,,,,Magee1
,,,,Rcc2
,,,,BC005764
,,,,Fcf1
,,,,Cdh1
,,,,Midn
,,,,Msh2
,,,,Actl6a
,,,,Gpc2
,,,,Cadm4
,,,,Atxn7l3b
,,,,Hist3h2ba
,,,,Tagln2
,,,,Rnf157
,,,,Emb
,,,,Gldc
,,,,Vat1l
,,,,Lyar
,,,,Nanog
,,,,Nop58
,,,,Birc5
,,,,Olfm1
,,,,Lgals1
,,,,Nkain1
,,,,Rell2
,,,,Slc29a1
,,,,Camk2n2
,,,,Tppp3
,,,,Enpp5
,,,,Tmem59l
,,,,Ndrg3
,,,,Dek
,,,,Abhd8
,,,,Nefh
,,,,Necap1
,,,,Clstn3
,,,,Gm10736
,,,,Cxx1b
,,,,Clic1
,,,,Chgb
,,,,Rundc3a
,,,,Cbr3
,,,,Snap91
,,,,Gng2
,,,,Mapk8ip1
,,,,Prepl
,,,,Npdc1
,,,,Hprt
,,,,Ypel3
,,,,Ctnna1
,,,,Pdpn
,,,,Dner
,,,,Ahi1
,,,,Syn1
,,,,Resp18
,,,,Bst2
,,,,Rpa1
,,,,Apbb1
,,,,Scn1b
,,,,Robo3
,,,,Pbx3
,,,,Spock2
,,,,Mcm2
,,,,Nt5dc2
,,,,Clip3
,,,,Fez1
,,,,Fam60a
,,,,Idh3a
,,,,Sst
,,,,Cks1b
,,,,Hoxb8
,,,,Tipin
,,,,Csrp2
,,,,Prnp
,,,,Podxl
,,,,Dcaf7
,,,,Sox2
,,,,Rpl29
,,,,Atp9a
,,,,AL929166.1
,,,,Thy1
,,,,Rac3
,,,,Thra
,,,,Gm10139
,,,,Dcx
,,,,Lmnb1
,,,,Srgn
,,,,Kif5c
,,,,Dpysl4
,,,,Pkia
,,,,Id3
,,,,Tex19.1
,,,,Gpc3
,,,,Itm2a
,,,,Selm
,,,,5-Sep
,,,,Mcm6
,,,,Prkar1b
,,,,Syt11
,,,,Uhrf1
,,,,Zcchc18
,,,,Npm3
,,,,Dpy30
,,,,Vamp1
,,,,Ruvbl2
,,,,Kif1a
,,,,Stx1b
,,,,Gm13235
,,,,Dtymk
,,,,Ncdn
,,,,Atp6v1g2
,,,,Rps18-ps3
,,,,Pld3
,,,,Dpysl5
,,,,Atp6ap1
,,,,Actn4
,,,,Maged2
,,,,Rnf14
,,,,Txnrd1
,,,,Atp6v0a1
,,,,Etv5
,,,,1810009A15Rik
,,,,Prkacb
,,,,Bex4
,,,,Wdr6
,,,,AC102876.1
,,,,Map1lc3b
,,,,Msh6
,,,,Dos
,,,,Mcm5
,,,,Map1lc3a
,,,,Ifitm3
,,,,L1td1
,,,,Ckmt1
,,,,Phc1
,,,,Tpm4
,,,,Hmga1-rs1
,,,,3-Sep
,,,,Gaa
,,,,Ddx39
,,,,Rnd3
,,,,Syngr3
,,,,Gprasp2
,,,,Mcm3
,,,,Syngr1
,,,,Tusc3
,,,,Cdc20
,,,,2610036A22Rik
,,,,Oxct1
,,,,Sox4
,,,,Gnao1
,,,,Snx5
,,,,Pja2
,,,,Aldoc
,,,,Sbk1
,,,,Mtap1b
,,,,Nsg2
,,,,Rab6b
,,,,Trp53
,,,,Gart
,,,,Mtap2
,,,,Ccnb1
,,,,Ddah2
,,,,Ly6h
,,,,Gng3
,,,,Dbn1
,,,,Reep5
,,,,Taldo1
,,,,Chga
,,,,Acta2
,,,,Rbpms2
,,,,Parp1
,,,,Lama1
,,,,Mybbp1a
,,,,Scg2
,,,,Gm10324
,,,,Ptbp1
,,,,Dnm1
,,,,Top2a
,,,,Klc1
,,,,H2afx
,,,,Ndn
,,,,Mybl2
,,,,Csda
,,,,Dut
,,,,Snhg11
,,,,Sv2a
,,,,Tagln3
,,,,Tspyl4
,,,,Fn1
,,,,Sult4a1
,,,,Atp6v0e2
,,,,Ccne1
,,,,Tuba4a
,,,,Nsf
,,,,Kif5a
,,,,Col1a2
,,,,Mcm7
,,,,Apoe
,,,,Cnn3
,,,,Cend1
,,,,Marcks
,,,,Pga5
,,,,Igfbp4
,,,,Spp1
,,,,Cks2
,,,,Rrm2
,,,,Tmem66
,,,,S100g
,,,,Gpm6a
,,,,Acot7
,,,,Cmah
,,,,Crabp1
,,,,Dctpp1
,,,,Hmgn1
,,,,Lamb1
,,,,Kcnk9
,,,,Hmga1
,,,,Pmm1
,,,,Ube2c
,,,,Gprasp1
,,,,Cyp26a1
,,,,Rtn1
,,,,Hoxb9
,,,,Slc2a3
,,,,Chchd10
,,,,Rtn3
,,,,Col4a2
,,,,Aplp1
,,,,Gdi1
,,,,Lamc1
,,,,Peg3
,,,,Eif4ebp1
,,,,Inpp5f
,,,,Slc22a17
,,,,Nhp2
,,,,Nap1l5
,,,,Ifitm2
,,,,Tdh
,,,,Serinc1
,,,,Upp1
,,,,Rps20
,,,,Gsta4
,,,,Stmn4
,,,,Prdx1
,,,,Ttc3
,,,,Hap1
,,,,Ptn
,,,,Slc2a1
,,,,Hspb1
,,,,Prkar1a
,,,,Grina
,,,,Impdh2
,,,,Zfp42
,,,,Sepw1
,,,,Mest
,,,,Igfbp2
,,,,Ncl
,,,,Anp32b
,,,,Trh
,,,,Stxbp1
,,,,Hat1
,,,,Bex1
,,,,Banf1
,,,,Pfn2
,,,,Mapt
,,,,Utf1
,,,,Gabarapl1
,,,,Txnip
,,,,Cdk4
,,,,Tspan7
,,,,Dynll2
,,,,Kpna2
,,,,Bex2
,,,,Pcna
,,,,Rps4y2
,,,,Nasp
,,,,Ckb
,,,,Calm1
,,,,Maged1
,,,,Ina
,,,,Fabp7
,,,,Eno2
,,,,Crmp1
,,,,Serpinh1
,,,,Impact
,,,,Mllt11
,,,,Rpl18
,,,,Hmgb2
,,,,Hnrnpf
,,,,Cpe
,,,,Eno1
,,,,Tdgf1
,,,,Rps27l
,,,,Nsg1
,,,,D0H4S114
,,,,Rps12
,,,,Tubb2a
,,,,Mt1
,,,,Nefl
,,,,Mt2
,,,,Snap47
,,,,Cdkn1c
,,,,Ube2s
,,,,App
,,,,Col4a1
,,,,Cplx1
,,,,Vamp2
,,,,Trim28
,,,,Gm8730
,,,,Cd24a
,,,,Dpysl3
,,,,Rplp0
,,,,Rab3a
,,,,Atp6v1b2
,,,,Syp
,,,,Odc1
,,,,Set
,,,,Rps2
,,,,Vim
,,,,Igfbp5
,,,,Snrpg
,,,,Rpl7
,,,,Clu
,,,,Gm5506
,,,,Mdk
,,,,Dlk1
,,,,Snap25
,,,,Col3a1
,,,,Mdh1
,,,,AL593857.1
,,,,Pou5f1
,,,,Uchl1
,,,,Slc25a4
,,,,Gap43
,,,,Basp1
,,,,Zwint
,,,,Stmn2
,,,,Ybx1
,,,,Stmn3
,,,,Pgk1
,,,,Atp1b1
,,,,Rpl22
,,,,Ndrg4
,,,,Snrpn
,,,,Ldha
,,,,Tubb3
,,,,Atp1a3
,,,,Rpl3
,,,,Nnat
,,,,Mif
,,,,Tubb2b
,,,,Sparc
,,,,Hnrnpa1
,,,,Aldoa
,,,,Gm13051
,,,,Eef1g
,,,,Pabpc1
,,,,Rpl10a
,,,,Stmn1
,,,,Rpl28
,,,,Rpl5
,,,,Rps9
,,,,Rps5
,,,,Rps4x
,,,,Rps16
,,,,Gnb2l1
,,,,Rps26
,,,,Npm1
,,,,Rps11
,,,,Dppa5a
,,,,Igf2
,,,,Rpl32
,,,,Rpl8
,,,,Ptma
,,,,Tuba1a
,,,,Eef1a1
